Tiempo (s),Desplazamiento (m)
0.0,1.0
0.01,0.9995008738747589
0.02,0.9980073139514292
0.03,0.9955257696973606
0.04,0.9920636438494084
0.05,0.987629280275835
0.06,0.9822319509600494
0.07,0.9758818421235411
0.08,0.9685900395061473
0.09,0.9603685128225369
0.1,0.9512300994145213
0.11,0.941188487119512
0.12,0.9302581963761185
0.13,0.9184545615885426
0.14,0.9057937117720491
0.15,0.8922925505024091
0.16,0.8779687351927795
0.17,0.8628406557220497
0.18,0.8469274124392004
0.19,0.8302487935687294
0.2,0.8128252520426669
0.21,0.7946778817851485
0.22,0.7758283934759288
0.23,0.7562990898196124
0.24,0.7361128403477307
0.25,0.7152930557811281
0.26,0.6938636619804243
0.27,0.6718490735125867
0.28,0.6492741668618953
0.29,0.6261642533137908
0.3,0.6025450515402865
0.31,0.578442659915775
0.32,0.5538835285921869
0.33,0.5288944313625544
0.34,0.5035024373421011
0.35000000000000003,0.4777348824960105
0.36,0.4516193410430399
0.37,0.4251835967641199
0.38,0.39845561424503084
0.39,0.3714635100821686
0.4,0.34423552408030395
0.41000000000000003,0.31679999047110313
0.42,0.2891853091810119
0.43,0.2614199171769178
0.44,0.23353225991778204
0.45,0.20555076294018457
0.46,0.17750380360545948
0.47000000000000003,0.14941968303579375
0.48,0.12132659826633567
0.49,0.0932526146400149
0.5,0.06522563847139842
0.51,0.03727339000550061
0.52,0.009423376697054165
0.53,-0.018297133164707467
0.54,-0.045861136461173665
0.55,-0.07324192085529051
0.56,-0.1004130899847291
0.5700000000000001,-0.12734858821424128
0.58,-0.15402272492471625
0.59,-0.1804101983170186
0.6,-0.20648611870928674
0.61,-0.23222603130698272
0.62,-0.25760593842560797
0.63,-0.28260232114665423
0.64,-0.3071921603880118
0.65,-0.33135295737074155
0.66,-0.35506275346480803
0.67,-0.37830014939707424
0.68,-0.40104432380558475
0.6900000000000001,-0.4232750511248832
0.7000000000000001,-0.4449727187878723
0.71,-0.4661183437304563
0.72,-0.4866935881859913
0.73,-0.5066807747573232
0.74,-0.5260629007549908
0.75,-0.5448236517909454
0.76,-0.5629474146179485
0.77,-0.5804192892055986
0.78,-0.5972251000447496
0.79,-0.6133514066728997
0.8,-0.6287855134139286
0.81,-0.6435154783263956
0.8200000000000001,-0.657530121355416
0.8300000000000001,-0.670819031683957
0.84,-0.6833725742802165
0.85,-0.6951818956385624
0.86,-0.7062389287123257
0.87,-0.7165363970375627
0.88,-0.7260678180477061
0.89,-0.7348275055798332
0.9,-0.742810571574084
0.91,-0.7500129269685604
0.92,-0.7564312817928235
0.93,-0.7620631444638923
0.9400000000000001,-0.7669068202894301
0.9500000000000001,-0.7709614091835544
0.96,-0.7742268026014872
0.97,-0.776703679699992
0.98,-0.7783935027312898
0.99,-0.7792985116788737
1.0,-0.7794217181443517
1.01,-0.7787668984951492
1.02,-0.7773385862835972
1.03,-0.775142063948594
1.04,-0.7721833538117047
1.05,-0.7684692083801886
1.06,-0.7640070999700914
1.07,-0.7588052096631379
1.08,-0.752872415611766
1.09,-0.7462182807072154
1.1,-0.7388530396261505
1.11,-0.7307875852718334
1.12,-0.7220334546263957
1.1300000000000001,-0.712602814031252
1.1400000000000001,-0.7025084439131931
1.1500000000000001,-0.6917637229741552
1.16,-0.6803826118631123
1.17,-0.6683796363489569
1.18,-0.6557698700136464
1.19,-0.6425689164852655
1.2,-0.6287928912310244
1.21,-0.6144584029305422
1.22,-0.5995825344500956
1.23,-0.5841828234387915
1.24,-0.5682772425679077
1.25,-0.5518841794348922
1.26,-0.5350224161537318
1.27,-0.5177111086536175
1.28,-0.49996976570800694
1.29,-0.4818182277163451
1.3,-0.4632766452608411
1.31,-0.4443654574608101
1.32,-0.42510537014718097
1.33,-0.40551733387983635
1.34,-0.3856225218304897
1.35,-0.36544230755384083
1.36,-0.34499824266972645
1.37,-0.3243120344789778
1.3800000000000001,-0.3034055235356406
1.3900000000000001,-0.28230066119814146
1.4000000000000001,-0.2610194871819055
1.41,-0.23958410713579636
1.42,-0.21801667026463073
1.43,-0.19633934701986283
1.44,-0.17457430688033934
1.45,-0.15274369624484668
1.46,-0.13086961645793707
1.47,-0.10897410199029478
1.48,-0.08707909879462399
1.49,-0.06520644285777977
1.5,-0.04337783896955283
1.51,-0.021614839728201298
1.52,6.117519750217837e-05
1.53,0.021629019530314937
1.54,0.04306772055161802
1.55,0.06435653895491886
1.56,0.0854749883675236
1.57,0.1064028545225659
1.58,0.12712021406400498
1.59,0.1476074529676787
1.6,0.16784528456194417
1.61,0.1878147671319323
1.62,0.20749732109193303
1.6300000000000001,0.2268747457109406
1.6400000000000001,0.24592923537689637
1.6500000000000001,0.2646433953857194
1.6600000000000001,0.28300025724173744
1.67,0.30098329345669783
1.68,0.3185764318350994
1.69,0.33576406923415625
1.7,0.3525310847872883
1.71,0.36886285258063156
1.72,0.3847452537726445
1.73,0.4001646881475039
1.74,0.4151080850935891
1.75,0.429562913998975
1.76,0.4435171940564658
1.77,0.4569595034713431
1.78,0.4698789880656175
1.79,0.48226536927321406
1.8,0.49410895152115336
1.81,0.5054006289924312
1.82,0.5161318917669301
1.83,0.526294831337345
1.84,0.5358821454977374
1.85,0.544887142602966
1.86,0.5533037451978923
1.87,0.5611264930158746
1.8800000000000001,0.5683505453467138
1.8900000000000001,0.5749716827748279
1.9000000000000001,0.5809863082890672
1.9100000000000001,0.5863914477661925
1.92,0.5911847498306632
1.93,0.5953644850939808
1.94,0.5989295447774436
1.95,0.6018794387227628
1.96,0.6042142927955736
1.97,0.6059348456874623
1.98,0.6070424451226977
1.99,0.6075390434764197
2.0,0.6074271928115897
2.0100000000000002,0.606710039342554
2.02,0.6053913173336017
2.0300000000000002,0.6034753424414185
2.04,0.6009670045108548
2.05,0.5978717598339146
2.06,0.5941956228823682
2.07,0.58994515752486
2.08,0.5851274677398374
2.09,0.5797501878360862
2.1,0.5738214721930748
2.11,0.5673499845337429
2.12,0.56034488674276
2.13,0.5528158272436774
2.14,0.5447729289487635
2.15,0.5362267767956785
2.16,0.5271884048854698
2.17,0.5176692832367192
2.18,0.5076813041709546
2.19,0.4972367683447564
2.2,0.48634837044424106
2.21,0.4750291845578868
2.22,0.4632926492438818
2.23,0.4511525523084281
2.24,0.43862301531160625
2.25,0.42571847781763555
2.2600000000000002,0.41245368140649113
2.27,0.3988436534640369
2.2800000000000002,0.3849036907679274
2.29,0.370649342886688
2.3000000000000003,0.35609639540944243
2.31,0.34126085302388254
2.32,0.3261589224600918
2.33,0.3108069953179244
2.34,0.2952216307956371
2.35,0.27941953833749306
2.36,0.2634175602180603
2.37,0.24723265408087242
2.38,0.2308818754491204
2.39,0.21438236022593082
2.4,0.19775130720176487
2.41,0.1810059605863263
2.42,0.16416359258229973
2.43,0.14724148601807024
2.44,0.13025691705647777
2.45,0.11322713799644682
2.46,0.09616936018420773
2.47,0.07910073705058536
2.48,0.06203834729066667
2.49,0.04499917820188998
2.5,0.028000109196410206
2.5100000000000002,0.011057895503295665
2.52,-0.005810847924123156
2.5300000000000002,-0.02258966228073188
2.54,-0.03926226054719252
2.5500000000000003,-0.055812542878183595
2.56,-0.07222461172717758
2.57,-0.08848278669403234
2.58,-0.10457161908191978
2.59,-0.12047590615056071
2.6,-0.1361807050530435
2.61,-0.15167134644390937
2.62,-0.1669334477465765
2.63,-0.1819529260685492
2.64,-0.19671601075332354
2.65,-0.21120925555823247
2.66,-0.2254195504480033
2.67,-0.23933413299413214
2.68,-0.2529405993707063
2.69,-0.2662269149377035
2.7,-0.27918142440327137
2.71,-0.29179286155695433
2.72,-0.30405035856630036
2.73,-0.3159434548297394
2.74,-0.3274621053791455
2.75,-0.33859668882590793
2.7600000000000002,-0.3493380148449052
2.77,-0.3596773311911829
2.7800000000000002,-0.36960633024469663
2.79,-0.3791171550789303
2.8000000000000003,-0.3882024050497163
2.81,-0.39685514090107665
2.82,-0.4050688893853983
2.83,-0.4128376473957631
2.84,-0.4201558856087326
2.85,-0.4270185516364088
2.86,-0.43342107268706603
2.87,-0.4393593577341535
2.88,-0.44482979919395754
2.89,-0.44982927411269996
2.9,-0.45435514486433604
2.91,-0.4584052593607975
2.92,-0.46197795077689635
2.93,-0.46507203679259657
2.94,-0.4676868183558022
2.95,-0.46982207796930026
2.96,-0.4714780775059303
2.97,-0.47265555555651945
2.98,-0.47335572431555556
2.99,-0.47358026601001074
3.0,-0.47333132887715607
3.0100000000000002,-0.47261152269762813
3.02,-0.4714239138904222
3.0300000000000002,-0.46977202017688763
3.04,-0.4676598048211996
3.0500000000000003,-0.4650916704551606
3.06,-0.4620724524955688
3.0700000000000003,-0.45860741216274686
3.08,-0.45470222910918623
3.09,-0.4503629936676035
3.1,-0.4455961987280371
3.11,-0.4404087312539413
3.12,-0.43480786344753186
3.13,-0.4288012435749547
3.14,-0.4223968864621159
3.15,-0.4156031636723024
3.16,-0.40842879337697274
3.17,-0.4008828299313548
3.18,-0.39297465316671687
3.19,-0.3847139574114093
3.2,-0.3761107402529742
3.21,-0.36717529105383473
3.22,-0.3579181792332283
3.23,-0.3483502423282638
3.24,-0.33848257384708347
3.25,-0.3283265109273093
3.2600000000000002,-0.317893621813033
3.27,-0.30719569316375916
3.2800000000000002,-0.2962447172087909
3.29,-0.28505287876064495
3.3000000000000003,-0.27363254210115
3.31,-0.26199623775394604
3.3200000000000003,-0.25015664915713853
3.33,-0.23812659924991347
3.34,-0.22591903698689414
3.35,-0.2135470237940845
3.36,-0.2010237199801717
3.37,-0.18836237111697512
3.38,-0.17557629440279052
3.39,-0.16267886502228707
3.4,-0.14968350251662005
3.41,-0.1366036571772583
3.42,-0.12345279647702083
3.43,-0.11024439155163997
3.44,-0.09699190374509913
3.45,-0.08370877123184166
3.46,-0.07040839572881147
3.47,-0.057104129310131084
3.48,-0.04380926133705746
3.49,-0.030537005515671376
3.5,-0.017300487094588975
3.5100000000000002,-0.00411273021473494
3.52,0.009013354576921094
3.5300000000000002,0.022064982638074573
3.54,0.035029507354797006
3.5500000000000003,0.047894432067119054
3.56,0.06064742178556286
3.5700000000000003,0.07327631468798507
3.58,0.08576913338635861
3.59,0.09811409595340159
3.6,0.11029962669925782
3.61,0.12231436668871579
3.62,0.13414718398978406
3.63,0.14578718364473048
3.64,0.15722371735502824
3.65,0.16844639287197483
3.66,0.17944508308508578
3.67,0.19020993480070478
3.68,0.20073137720362347
3.69,0.21100012999483866
3.7,0.22100721119897085
3.71,0.23074394463517361
3.72,0.24020196704578492
3.73,0.24937323487730534
3.74,0.2582500307086758
3.75,0.2668249693222039
3.7600000000000002,0.2750910034128638
3.77,0.28304142893207984
3.7800000000000002,0.2906698900624893
3.79,0.2979703838205526
3.8000000000000003,0.3049372642842963
3.81,0.3115652464438157
3.8200000000000003,0.3178494096726043
3.83,0.3237852008181163
3.84,0.3293684369103942
3.85,0.334595307487959
3.86,0.3394623765405473
3.87,0.3439665840686817
3.88,0.3481052472604122
3.89,0.351876061285983
3.9,0.355277099711521
3.91,0.3583068145332456
3.92,0.36096403583405196
3.93,0.36324797106469575
3.94,0.36515820395216847
3.95,0.3666946930382111
3.96,0.36785776985126944
3.97,0.3686481367155416
3.98,0.36906686420111307
3.99,0.36911538821951456
4.0,0.36879550676936457
4.01,0.36810937633709134
4.0200000000000005,0.3670595079580423
4.03,0.36564876294360515
4.04,0.36388034828026544
4.05,0.3617578117068301
4.0600000000000005,0.3592850364763279
4.07,0.3564662358093885
4.08,0.35330594704616564
4.09,0.3498090255041461
4.1,0.34598063804943646
4.11,0.3418262563893649
4.12,0.33735165009448614
4.13,0.3325628793582884
4.14,0.3274662875031422
4.15,0.32206849324122633
4.16,0.3163763826993729
4.17,0.3103971012169623
4.18,0.30413804492618346
4.19,0.29760685212414273
4.2,0.2908113944464635
4.21,0.28375976785216733
4.22,0.27646028342978063
4.23,0.2689214580347131
4.24,0.26115200476810535
4.25,0.25316082330741424
4.26,0.24495699009913527
4.2700000000000005,0.2365497484241259
4.28,0.2279484983460733
4.29,0.21916278655371332
4.3,0.21020229610746696
4.3100000000000005,0.20107683610119706
4.32,0.1917963312498186
4.33,0.18237081141351164
4.34,0.1728104010693194
4.3500000000000005,0.16312530874087317
4.36,0.15332581639701753
4.37,0.14342226883004427
4.38,0.133425063024246
4.39,0.12334463752543985
4.4,0.11319146182204834
4.41,0.10297602574829075
4.42,0.09270882891992151
4.43,0.08240037021290743
4.44,0.07206113729532004
4.45,0.061701596222614424
4.46,0.05133218110635621
4.47,0.04096328386634025
4.48,0.03060524407590559
4.49,0.020268338910107254
4.5,0.009962773206253082
4.51,-0.0003013303538232916
4.5200000000000005,-0.010513940930591898
4.53,-0.02066512907372511
4.54,-0.030745076120264697
4.55,-0.040744083435407974
4.5600000000000005,-0.05065258148748492
4.57,-0.06046113874890596
4.58,-0.07016047041507002
4.59,-0.0797414469334399
4.6000000000000005,-0.08919510233522497
4.61,-0.09851264236234943
4.62,-0.10768545238262406
4.63,-0.11670510508626823
4.64,-0.12556336795721604
4.65,-0.13425221051286032
4.66,-0.14276381130617852
4.67,-0.15109056468444346
4.68,-0.15922508729897758
4.69,-0.16716022436071873
4.7,-0.17488905563660678
4.71,-0.18240490118212044
4.72,-0.18970132680555019
4.73,-0.19677214925989708
4.74,-0.20361144115858193
4.75,-0.2102135356114375
4.76,-0.21657303057775298
4.7700000000000005,-0.22268479293343882
4.78,-0.2285439622496858
4.79,-0.23414595428078824
4.8,-0.23948646415909466
4.8100000000000005,-0.24456146929537256
4.82,-0.2493672319831509
4.83,-0.25390030170593075
4.84,-0.25815751714643737
4.8500000000000005,-0.26213600789739566
4.86,-0.26583319587361565
4.87,-0.2692467964254672
4.88,-0.27237481915412165
4.89,-0.27521556842923395
4.9,-0.2777676436100383
4.91,-0.28002993897110806
4.92,-0.2820016433343341
4.93,-0.2836822394089505
4.94,-0.28507150284172106
4.95,-0.2861695009796822
4.96,-0.28697659134810893
4.97,-0.28749341984664095
4.98,-0.28772091866677607
4.99,-0.2876603039341959
5.0,-0.2873130730796489
5.01,-0.2866810019423669
5.0200000000000005,-0.28576614161023706
5.03,-0.284570815001196
5.04,-0.28309761319054366
5.05,-0.2813493914891104
5.0600000000000005,-0.2793292652774294
5.07,-0.2770406056012885
5.08,-0.27448703453424084
5.09,-0.2716724203128669
5.1000000000000005,-0.26860087225077167
5.11,-0.2652767354374913
5.12,-0.2617045852286717
5.13,-0.25788922153405597
5.14,-0.2538356629099849
5.15,-0.2495491404632798
5.16,-0.24503509157352613
5.17,-0.24029915344092576
5.18,-0.2353471564670262
5.19,-0.23018511747576093
5.2,-0.22481923278235633
5.21,-0.21925587111777825
5.22,-0.21350156641650084
5.23,-0.2075630104754654
5.24,-0.20144704549220105
5.25,-0.19516065649014558
5.26,-0.1887109636392876
5.2700000000000005,-0.18210521448031433
5.28,-0.17535077606049923
5.29,-0.16845512698961135
5.3,-0.16142584942417074
5.3100000000000005,-0.15427062098840585
5.32,-0.14699720664028482
5.33,-0.13961345049099871
5.34,-0.13212726758630786
5.3500000000000005,-0.1245466356581148
5.36,-0.11687958685466474
5.37,-0.10913419945770317
5.38,-0.10131858959493885
5.39,-0.09344090295609186
5.4,-0.0855093065207645
5.41,-0.07753198030634698
5.42,-0.06951710914406381
5.43,-0.06147287449124427
5.44,-0.05340744628779399
5.45,-0.0453289748647667
5.46,-0.0372455829128502
5.47,-0.029165357518482486
5.48,-0.021096342275200367
5.49,-0.013046529477710001
5.5,-0.005023852406056144
5.51,0.0029638222928586905
5.5200000000000005,0.010908702119300971
5.53,0.018803076123296108
5.54,0.026639322188962852
5.55,0.034409914193911935
5.5600000000000005,0.042107429037187505
5.57,0.04972455352940098
5.58,0.05725409113887553
5.59,0.06468896858778705
5.6000000000000005,0.07202224229246748
5.61,0.07924710464222637
5.62,0.08635689011124283
5.63,0.09334508119824336
5.64,0.10020531418892493
5.65,0.10693138473623937
5.66,0.11351725325388982
5.67,0.11995705011859892
5.68,0.12624508067689427
5.69,0.13237583005241627
5.7,0.13834396774992358
5.71,0.14414435205244197
5.72,0.14977203420818283
5.73,0.15522226240411352
5.74,0.16049048552328077
5.75,0.1655723566832159
5.76,0.17046373655298153
5.7700000000000005,0.17516069644665896
5.78,0.17965952119130685
5.79,0.1839567117676534
5.8,0.18804898772201945
5.8100000000000005,0.19193328934821235
5.82,0.19560677963835726
5.83,0.19906684600187702
5.84,0.2023111017520599
5.8500000000000005,0.2053373873598898
5.86,0.20814377147505173
5.87,0.21072855171425578
5.88,0.21309025521725306
5.89,0.2152276389711455
5.9,0.217139689903825
5.91,0.21882562474759806
5.92,0.2202848896742792
5.93,0.2215171597032574
5.94,0.22252233788425563
5.95,0.22330055425672507
5.96,0.2238521645880257
5.97,0.22417774889275302
5.98,0.22427810973578208
5.99,0.22415427032179813
6.0,0.22380747237428503
6.01,0.223239173807137
6.0200000000000005,0.22245104619225042
6.03,0.22144497202663962
6.04,0.22022304180280067
6.05,0.2187875508862285
6.0600000000000005,0.21714099620416324
6.07,0.21528607274980877
6.08,0.21322566990643127
6.09,0.21096286759590369
6.1000000000000005,0.20850093225641098
6.11,0.2058433126541828
6.12,0.20299363553425623
6.13,0.19995570111541022
6.140000000000001,0.19673347843454422
6.15,0.19333110054589392
6.16,0.18975285958059548
6.17,0.1860032016722238
6.18,0.18208672175403567
6.19,0.1780081582337447
6.2,0.173772387551753
6.21,0.16938441862884532
6.22,0.16484938720943657
6.23,0.16017255010653728
6.24,0.1553592793546676
6.25,0.15041505627700347
6.26,0.1453454654731144
6.2700000000000005,0.14015618873366892
6.28,0.1348529988885588
6.29,0.1294417535948926
6.3,0.12392838907137207
6.3100000000000005,0.1183189137855508
6.32,0.1126194021005242
6.33,0.10683598788757233
6.34,0.10097485811131117
6.3500000000000005,0.09504224639388106
6.36,0.08904442656469437
6.37,0.0829877062022499
6.38,0.07687842017449921
6.390000000000001,0.07072292418420796
6.4,0.06452758832573224
6.41,0.05829879065957266
6.42,0.05204291081103004
6.43,0.045766323599230455
6.44,0.03947539270271527
6.45,0.03317646436774384
6.46,0.02687586116534944
6.47,0.020579875803160178
6.48,0.014294764997862214
6.49,0.008026743414126654
6.5,0.001781977675706116
6.51,-0.004433419545681866
6.5200000000000005,-0.010613395358173891
6.53,-0.01675196238888706
6.54,-0.02284320442907822
6.55,-0.02888128198015686
6.5600000000000005,-0.03486043769553593
6.57,-0.04077500171339011
6.58,-0.04661939687556868
6.59,-0.05238814382800348
6.6000000000000005,-0.05807586599813738
6.61,-0.06367729444500068
6.62,-0.06918727257775348
6.63,-0.07460076073862724
6.640000000000001,-0.07991284064637814
6.65,-0.08511871969651766
6.66,-0.09021373511474284
6.67,-0.09519335796015281
6.68,-0.10005319697501418
6.69,-0.10478900227799437
6.7,-0.10939666889796629
6.71,-0.11387224014565109
6.72,-0.11821191082054294
6.73,-0.12241203025074426
6.74,-0.126469105163504
6.75,-0.13037980238445573
6.76,-0.1341409513636981
6.7700000000000005,-0.13774954652707636
6.78,-0.14120274945118394
6.79,-0.14449789086079898
6.8,-0.1476324724476461
6.8100000000000005,-0.15060416850955954
6.82,-0.15341082740931
6.83,-0.15605047285254275
6.84,-0.15852130498444625
6.8500000000000005,-0.16082170130497186
6.86,-0.16295021740258667
6.87,-0.1649055875067419
6.88,-0.16668672485940136
6.890000000000001,-0.16829272190617015
6.9,-0.1697228503077248
6.91,-0.17097656077243684
6.92,-0.1720534827112429
6.93,-0.17295342371599517
6.94,-0.17367636886269303
6.95,-0.17422247984116182
6.96,-0.17459209391291564
6.97,-0.17478572269909778
6.98,-0.1748040508005566
6.99,-0.1746479342522707
7.0,-0.1743183988144903
7.01,-0.1738166381031137
7.0200000000000005,-0.1731440115619666
7.03,-0.17230204227979382
7.04,-0.17129241465491588
7.05,-0.17011697191064007
7.0600000000000005,-0.16877771346464762
7.07,-0.16727679215571015
7.08,-0.16561651133121175
7.09,-0.16379932179907689
7.1000000000000005,-0.1618278186478206
7.11,-0.15970473793855092
7.12,-0.1574329532728586
7.13,-0.15501547224064247
7.140000000000001,-0.1524554327520042
7.15,-0.14975609925745859
7.16,-0.14692085886077627
7.17,-0.14395321732888222
7.18,-0.1408567950032928
7.19,-0.1376353226176687
7.2,-0.13429263702612076
7.21,-0.13083267684697045
7.22,-0.1272594780267408
7.23,-0.12357716932918925
7.24,-0.11978996775426672
7.25,-0.11590217389191071
7.26,-0.11191816721564073
7.2700000000000005,-0.10784240132094661
7.28,-0.1036793991134931
7.29,-0.09943374795219158
7.3,-0.0951100947522108
7.3100000000000005,-0.0907131410530088
7.32,-0.08624763805647785
7.33,-0.08171838164030241
7.34,-0.07713020735162959
7.3500000000000005,-0.07248798538613968
7.36,-0.06779661555760162
7.37,-0.06306102226297386
7.38,-0.058286149448097034
7.390000000000001,-0.05347695557899887
7.4,-0.048638408623797785
7.41,-0.04377548105015136
7.42,-0.03889314484317514
7.43,-0.03399636654868309
7.44,-0.029090102346580552
7.45,-0.024179293159167316
7.46,-0.01926885979905439
7.47,-0.01436369816133836
7.48,-0.009468674464610301
7.49,-0.004588620545300827
7.5,0.0002716707902173209
7.51,0.005107450351407576
7.5200000000000005,0.009914017082981593
7.53,0.014686722513750783
7.54,0.019420975130848787
7.55,0.02411224467532056
7.5600000000000005,0.02875606635519173
7.57,0.03334804497222925
7.58,0.03788385895870531
7.59,0.042359264320585226
7.6000000000000005,0.04677009848367497
7.61,0.05111228403937809
7.62,0.055381832386824675
7.63,0.05957484726825385
7.640000000000001,0.06368752819466104
7.65,0.06771617375883561
7.66,0.07165718483305071
7.67,0.07550706764878891
7.68,0.07926243675601763
7.69,0.08292001785966863
7.7,0.0864766505310997
7.71,0.08992929079246233
7.72,0.09327501357202954
7.73,0.096511015028676
7.74,0.09963461474384759
7.75,0.10264325777949523
7.76,0.10553451660058802
7.7700000000000005,0.10830609286096171
7.78,0.11095581905140439
7.79,0.11348166000902617
7.8,0.11588171428709071
7.8100000000000005,0.11815421538464865
7.82,0.12029753283543562
7.83,0.12231017315565965
7.84,0.12419078065042946
7.8500000000000005,0.12593813807872778
7.86,0.12755116717697204
7.87,0.1290289290413446
7.88,0.13037062436921512
7.890000000000001,0.13157559356011747
7.9,0.1326433166768823
7.91,0.13357341326765998
7.92,0.1343656420497045
7.930000000000001,0.13501990045592582
7.94,0.13553622404534488
7.95,0.1359147857787194
7.96,0.13615589516073556
7.97,0.1362599972502855
7.98,0.13622767154047685
7.99,0.13605963071014063
8.0,0.1357567192487239
8.01,0.13531991195657
8.02,0.13475031232270396
8.03,0.1340491507823517
8.040000000000001,0.13321778285653108
8.05,0.13225768717615952
8.06,0.13117046339322214
8.07,0.12995782998165084
8.08,0.1286216219306549
8.09,0.12716378833334244
8.1,0.12558638987355744
8.11,0.1238915962139499
8.120000000000001,0.1220816832883739
8.13,0.12015903050179502
8.14,0.11812611784095564
8.15,0.11598552289913092
8.16,0.11373991781836858
8.17,0.11139206615267402
8.18,0.10894481965566517
8.19,0.10640111499627466
8.2,0.10376397040613847
8.21,0.10103648226235172
8.22,0.09822182160932724
8.23,0.09532323062352055
8.24,0.09234401902484589
8.25,0.08928756043861497
8.26,0.08615728871188409
8.27,0.08295669418810481
8.28,0.07968931994400633
8.290000000000001,0.0763587579926453
8.3,0.07296864545658965
8.31,0.06952266071518666
8.32,0.0660245195299036
8.33,0.06247797115170558
8.34,0.0588867944144421
8.35,0.05525479381821484
8.36,0.05158579560667746
8.370000000000001,0.04788364384221447
8.38,0.04415219648292012
8.39,0.04039532146528538
8.4,0.03661689279646809
8.41,0.03282078666000033
8.42,0.02901087753874592
8.43,0.025191034358893433
8.44,0.021365116658719378
8.45,0.017536970785827173
8.46,0.013710426126508706
8.47,0.00988929137082756
8.48,0.006077350816975065
8.49,0.0022783607183854077
8.5,-0.0015039543229555111
8.51,-0.005265904913645042
8.52,-0.009003840373137152
8.53,-0.01271415218192937
8.540000000000001,-0.016393277370496118
8.55,-0.020037701845885117
8.56,-0.023643963652980087
8.57,-0.027208656167484135
8.58,-0.03072843121779816
8.59,-0.03420000213302196
8.6,-0.037620146714413744
8.61,-0.04098571012772112
8.620000000000001,-0.04429360771390047
8.63,-0.04754082771581591
8.64,-0.05072443391863434
8.65,-0.053841568201696034
8.66,-0.056889452999769205
8.67,-0.059865393671678556
8.68,-0.06276678077441396
8.69,-0.06559109224091454
8.700000000000001,-0.0683358954598433
8.71,-0.07099884925576007
8.72,-0.07357770576822353
8.73,-0.07607031222844314
8.74,-0.07847461263222394
8.75,-0.08078864930805346
8.76,-0.08301056437928717
8.77,-0.08513860111950632
8.78,-0.08717110520022388
8.790000000000001,-0.08910652583023554
8.8,-0.09094341678601532
8.81,-0.09268043733267878
8.82,-0.09431635303513065
8.83,-0.09585003645914592
8.84,-0.09728046776222625
8.85,-0.09860673517419699
8.86,-0.09982803536761209
8.870000000000001,-0.1009436737181509
8.88,-0.10195306445529012
8.89,-0.10285573070365486
8.9,-0.10365130441554639
8.91,-0.10433952619526023
8.92,-0.10492024501590935
8.93,-0.10539341782956956
8.94,-0.10575910907166913
8.950000000000001,-0.10601749006064387
8.96,-0.10616883829397972
8.97,-0.10621353664186026
8.98,-0.10615207243973578
8.99,-0.10598503648122172
9.0,-0.10571312191282901
9.01,-0.10533712303211802
9.02,-0.10485793399095633
9.03,-0.10427654740564753
9.040000000000001,-0.10359405287578144
9.05,-0.10281163541373847
9.06,-0.10193057378685982
9.07,-0.10095223877437337
9.08,-0.09987809134123836
9.09,-0.09870968073114501
9.1,-0.09744864248097455
9.11,-0.09609669635909072
9.120000000000001,-0.09465564422990037
9.13,-0.0931273678471815
9.14,-0.09151382657873035
9.15,-0.08981705506494733
9.16,-0.08803916081401879
9.17,-0.086182321736415
9.18,-0.08424878362146336
9.19,-0.08224085755880434
9.200000000000001,-0.08016091730757374
9.21,-0.07801139661620272
9.22,-0.075794786495745
9.23,-0.0735136324496933
9.24,-0.07117053166325783
9.25,-0.06876813015511636
9.26,-0.06630911989466025
9.27,-0.06379623588778824
9.28,-0.06123225323430808
9.290000000000001,-0.05861998416002493
9.3,-0.05596227502660216
9.31,-0.05326200332228466
9.32,-0.05052207463658907
9.33,-0.04774541962205113
9.34,-0.04493499094613004
9.35,-0.04209376023635414
9.36,-0.03922471502179456
9.370000000000001,-0.036330855673930615
9.38,-0.03341519234996702
9.39,-0.030480741941629017
9.4,-0.027530525032466422
9.41,-0.02456756286664442
9.42,-0.021594874332197523
9.43,-0.01861547296167771
9.44,-0.015632363953105577
9.450000000000001,-0.01264854121408861
9.46,-0.009666984431949903
9.47,-0.00669065617264495
9.48,-0.003722499011231566
9.49,-0.0007654326965892823
9.5,0.0021776486469555615
9.51,0.005103879278485995
9.52,0.008010424557282509
9.53,0.010894483615039153
9.540000000000001,0.013753291981070516
9.55,0.016584124158115162
9.56,0.019384296146427366
9.57,0.022151167913882972
9.58,0.0248821458099129
9.59,0.027574684921137717
9.6,0.030226291366638784
9.61,0.03283452453088273
9.620000000000001,0.03539699923237955
9.63,0.03791138782623534
9.64,0.040375422238828694
9.65,0.04278689593292292
9.66,0.04514366580159788
9.67,0.04744365398947044
9.68,0.04968484963974671
9.69,0.05186531056573757
9.700000000000001,0.05398316484554251
9.71,0.05603661233869502
9.72,0.058023926123652404
9.73,0.0599434538550798
9.74,0.06179361903998578
9.75,0.06357292223183345
9.76,0.06527994214184965
9.77,0.06691333666683404
9.78,0.06847184383286255
9.790000000000001,0.06995428265435978
9.8,0.0713595539081067
9.81,0.0726866408218396
9.82,0.07393460967717301
9.83,0.0751026103266769
9.84,0.07618987662502064
9.85,0.0771957267741796
9.86,0.07811956358279129
9.870000000000001,0.07896087463982862
9.88,0.07971923240284588
9.89,0.08039429420113542
9.9,0.08098580215421422
9.91,0.08149358300614684
9.92,0.08191754787628736
9.93,0.08225769192710772
9.94,0.0825140939498559
9.950000000000001,0.08268691586886741
9.96,0.08277640216543065
9.97,0.08278287922218178
9.98,0.08270675458907881
9.99,0.08254851617207926
10.0,0.08230873134571517
10.01,0.08198804599083066
10.02,0.08158718345881488
10.03,0.0811069434637302
10.040000000000001,0.08054820090379997
10.05,0.07991190461378464
10.06,0.07919907604983324
10.07,0.07841080790846133
10.08,0.07754826268135949
10.09,0.07661267114779483
10.1,0.07560533080642004
10.11,0.07452760424835703
10.120000000000001,0.07338091747346892
10.13,0.07216675815178683
10.14,0.07088667383209363
10.15,0.06954227009972055
10.16,0.06813520868564454
10.17,0.0666672055290137
10.18,0.06514002879527099
10.19,0.06355549685206817
10.200000000000001,0.06191547620520184
10.21,0.06022187939683494
10.22,0.05847666286827479
10.23,0.05668182478963332
10.24,0.054839402858685556
10.25,0.05295147207128068
10.26,0.05102014246567537
10.27,0.04904755684315933
10.28,0.0470358884673767
10.290000000000001,0.044987338744733915
10.3,0.04290413488830855
10.31,0.04078852756766908
10.32,0.03864278854701831
10.33,0.03646920831408068
10.34,0.034270093702136385
10.35,0.03204776550761202
10.36,0.029804556105630795
10.370000000000001,0.027542807065901606
10.38,0.025264866771330507
10.39,0.022973088041713614
10.4,0.020669825764854138
10.41,0.018357434537436997
10.42,0.016038266317952472
10.43,0.013714668093964932
10.44,0.011388979565969138
10.450000000000001,0.009063530850066072
10.46,0.006740640201664184
10.47,0.00442261176235086
10.48,0.002111733332091814
10.49,-0.00018972583116663876
10.5,-0.002479517182426032
10.51,-0.004755415029072482
10.52,-0.007015218636854136
10.53,-0.009256754300461006
10.540000000000001,-0.011477877376813867
10.55,-0.013676474279230008
10.56,-0.01585046443066406
10.57,-0.017997802174282606
10.58,-0.020116478639682023
10.59,-0.022204523563101545
10.6,-0.02426000706005831
10.61,-0.026281041348858787
10.620000000000001,-0.028265782423525437
10.63,-0.030212431674714223
10.64,-0.03211923745726835
10.65,-0.03398449660311291
10.66,-0.03580655587824739
10.67,-0.03758381338267025
10.68,-0.03931471989211947
10.69,-0.04099778014057714
10.700000000000001,-0.04263155404256513
10.71,-0.04421465785429809
10.72,-0.045745765272856904
10.73,-0.04722360847258304
10.74,-0.04864697907797588
10.75,-0.05001472907244576
10.76,-0.05132577164232615
10.77,-0.05257908195563469
10.78,-0.05377369787512814
10.790000000000001,-0.05490872060526504
10.8,-0.05598331527276662
10.81,-0.05699671144052292
10.82,-0.05794820355466609
10.83,-0.058837151324699036
10.84,-0.05966298003663061
10.85,-0.06042518079914503
10.86,-0.061123310722887306
10.870000000000001,-0.06175699303302508
10.88,-0.062325917115304136
10.89,-0.06282983849588396
10.9,-0.06326857875530517
10.91,-0.06364202537700023
10.92,-0.06395013153082844
10.93,-0.06419291579217298
10.94,-0.06437046179720149
10.950000000000001,-0.06448291783495397
10.96,-0.0645304963769786
10.97,-0.06451347354529635
10.98,-0.06443218851953336
10.99,-0.06428704288411448
11.0,-0.06407849991646963
11.01,-0.06380708381725587
11.02,-0.06347337888365281
11.03,-0.06307802862683953
11.040000000000001,-0.06262173483481209
11.05,-0.06210525658174863
11.06,-0.06152940918517654
11.07,-0.060895063112243054
11.08,-0.06020314283643261
11.09,-0.059454625646120474
11.1,-0.05865054040638912
11.11,-0.05779196627557614
11.120000000000001,-0.05688003137806125
11.13,-0.05591591143483162
11.14,-0.05490082835340397
11.15,-0.05383604877871238
11.16,-0.05272288260660022
11.17,-0.051562681461589266
11.18,-0.05035683714061646
11.19,-0.04910678002446725
11.200000000000001,-0.04781397745864502
11.21,-0.0464799321054478
11.22,-0.04510618026903818
11.23,-0.04369429019531072
11.24,-0.042245860348382035
11.25,-0.040762517665534306
11.26,-0.03924591579246232
11.27,-0.037697733300685855
11.28,-0.036119671888986536
11.290000000000001,-0.03451345457075189
11.3,-0.032880823849098954
11.31,-0.031223539881656402
11.32,-0.029543378636897873
11.33,-0.027842130043893572
11.34,-0.02612159613737112
11.35,-0.02438358919994987
11.36,-0.022629929903419436
11.370000000000001,-0.020862445450924375
11.38,-0.01908296772189663
11.39,-0.017293331421577674
11.4,-0.015495372236951549
11.41,-0.013690925000893998
11.42,-0.011881821866334191
11.43,-0.010069890492189978
11.44,-0.008256952242839186
11.450000000000001,-0.006444820402845027
11.46,-0.004635298408646571
11.47,-0.002830178098891417
11.48,-0.0010312379850607432
11.49,0.0007597584559835165
11.5,0.002541064465943338
11.51,0.004310951663955096
11.52,0.006067711678852759
11.53,0.007809657753335661
11.540000000000001,0.009535126318577676
11.55,0.011242478537848466
11.56,0.012930101817777328
11.57,0.014596411285894176
11.58,0.016239851233157666
11.59,0.01785889652020007
11.6,0.0194520539460638
11.61,0.021017863578261024
11.620000000000001,0.022554900043011198
11.63,0.024061773774578143
11.64,0.025537132222658347
11.65,0.026979661016827538
11.66,0.02838808508709983
11.67,0.029761169739695517
11.68,0.031097721687174548
11.69,0.03239659003213245
11.700000000000001,0.033656667203706504
11.71,0.034876889846199535
11.72,0.0360562396591688
11.73,0.03719374418838602
11.74,0.03828847756712585
11.75,0.03933956120728673
11.76,0.04034616443991223
11.77,0.041307505104718104
11.78,0.04222285008829827
11.790000000000001,0.04309151581072606
11.8,0.04391286866031956
11.81,0.04468632537640454
11.82,0.045411353379941934
11.83,0.04608747105195853
11.84,0.04671424795975999
11.85,0.047291305030959595
11.86,0.04781831467541377
11.870000000000001,0.04829500085519762
11.88,0.04872113910281325
11.89,0.04909655648787083
11.9,0.04942113153252927
11.91,0.04969479407604115
11.92,0.04991752508878674
11.93,0.05008935643623726
11.94,0.05021037059333153
11.950000000000001,0.050280700309797394
11.96,0.05030052822699831
11.97,0.050270086446927105
11.98,0.05018965605401681
11.99,0.05005956659048015
12.0,0.04988019548593304
12.01,0.04965196744209886
12.02,0.049375353773431475
12.030000000000001,0.04905087170453428
12.040000000000001,0.04867908362529176
12.05,0.04826059630466712
12.06,0.047796060064156425
12.07,0.04728616791192544
12.08,0.04673165463868794
12.09,0.04613329587641826
12.1,0.045491907121023696
12.11,0.04480834272012915
12.120000000000001,0.04408349482715863
12.13,0.043318292322926916
12.14,0.04251369970597364
12.15,0.041670715952909686
12.16,0.040790373350056155
12.17,0.03987373629768691
12.18,0.03892190008820556
12.19,0.03793598965960117
12.200000000000001,0.03691715832555474
12.21,0.03586658648357491
12.22,0.03478548030256348
12.23,0.033675070391222216
12.24,0.03253661044872279
12.25,0.031371375899078104
12.26,0.030180662510653752
12.27,0.02896578500227273
12.280000000000001,0.02772807563737292
12.290000000000001,0.026468882807674437
12.3,0.025189569607825344
12.31,0.023891512402491617
12.32,0.02257609938735639
12.33,0.0212447291454989
12.34,0.019898809200608714
12.35,0.01853975456850246
12.36,0.01716898630838934
12.370000000000001,0.01578793007533398
12.38,0.014398014675359498
12.39,0.013000670624606586
12.4,0.011597328713980701
12.41,0.010189418580679536
12.42,0.008778367287995978
12.43,0.007365597914774753
12.44,0.005952528155873656
12.450000000000001,0.00454056893497951
12.46,0.003131123031094861
12.47,0.0017255837199956449
12.48,0.00032533343194960724
12.49,-0.001068257573059354
12.5,-0.002453832511355584
12.51,-0.003830049361643835
12.52,-0.00519558212994279
12.530000000000001,-0.006549122092220922
12.540000000000001,-0.007889379013612407
12.55,-0.009215082343109091
12.56,-0.010524982382660862
12.57,-0.011817851429647412
12.58,-0.01309248489171019
12.59,-0.014347702372976175
12.6,-0.015582348730729922
12.61,-0.016795295101624568
12.620000000000001,-0.017985439896567493
12.63,-0.019151709763434267
12.64,-0.020293060516823988
12.65,-0.021408478034079127
12.66,-0.022496979116855356
12.67,-0.023557612317549367
12.68,-0.024589458729933678
12.69,-0.025591632743393086
12.700000000000001,-0.02656328276018964
12.71,-0.027503591875221695
12.72,-0.02841177851779516
12.73,-0.029287097054945015
12.74,-0.03012883835590604
12.75,-0.030936330317359876
12.76,-0.031708938349128454
12.77,-0.03244606582003156
12.780000000000001,-0.033147154463656736
12.790000000000001,-0.0338116847438416
12.8,-0.03443917617970203
12.81,-0.03502918763008477
12.82,-0.035581317537363724
12.83,-0.03609520413053742
12.84,-0.036570525587630964
12.85,-0.03700700015744166
12.86,-0.03740438624070903
12.870000000000001,-0.0377624824308333
12.88,-0.03808112751429976
12.89,-0.03836020043101356
12.9,-0.038599620194781414
12.91,-0.03879934577421904
12.92,-0.038959375934401914
12.93,-0.03907974903961082
12.94,-0.03916054281756492
12.950000000000001,-0.03920187408556855
12.96,-0.039203898439034865
12.97,-0.0391668099028853
12.98,-0.039090840546356885
12.99,-0.0389762600617848
13.0,-0.03882337530795949
13.01,-0.03863252981869087
13.02,-0.03840410327724304
13.030000000000001,-0.03813851095733388
13.040000000000001,-0.037836203131424606
13.05,-0.037497664447051014
13.06,-0.037123413271979946
13.07,-0.03671400100899758
13.08,-0.0362700113811662
13.09,-0.035792059688408435
13.1,-0.035280792036303535
13.11,-0.03473688453800476
13.120000000000001,-0.03416104249020616
13.13,-0.033553999524111464
13.14,-0.03291651673237589
13.15,-0.03224938177301137
13.16,-0.031553407951265336
13.17,-0.030829433280496456
13.18,-0.030078319523089852
13.19,-0.029300951212469374
13.200000000000001,-0.028498234657272994
13.21,-0.02767109692877906
13.22,-0.02682048483266952
13.23,-0.025947363866242083
13.24,-0.025052717162177433
13.25,-0.0241375444199846
13.26,-0.02320286082625332
13.27,-0.02224969596484295
13.280000000000001,-0.021279092718146292
13.290000000000001,-0.020292106160572358
13.3,-0.01928980244538206
13.31,-0.018273257686030837
13.32,-0.01724355683315298
13.33,-0.016201792548332705
13.34,-0.015149064075803563
13.35,-0.014086476113206198
13.36,-0.013015137682542305
13.370000000000001,-0.011936161002443985
13.38,-0.01085066036288047
13.39,-0.009759751003411235
13.4,-0.008664547996085572
13.41,-0.0075661651340831314
13.42,-0.006465713827170878
13.43,-0.005364302005046178
13.44,-0.004263033029623028
13.450000000000001,-0.0031630046172953985
13.46,-0.0020653077722116394
13.47,-0.0009710257315592553
13.48,0.0001187670761405383
13.49,0.0012030060587555453
13.5,0.0022806374733319455
13.51,0.0033506194230074715
13.52,0.004411922837139367
13.530000000000001,0.005463532433751014
13.540000000000001,0.006504447663421654
13.55,0.00753368363377983
13.56,0.008550272013763289
13.57,0.009553261916853836
13.58,0.010541720762507216
13.59,0.011514735115025756
13.6,0.012471411499153722
13.61,0.013410877191695893
13.620000000000001,0.01433228098848734
13.63,0.01523479394607669
13.64,0.016117610097505522
13.65,0.01697994714160188
13.66,0.01782104710522906
13.67,0.018640176977968045
13.68,0.019436629318735982
13.69,0.020209722833874063
13.700000000000001,0.020958802926274087
13.71,0.021683242215137632
13.72,0.022382441025996742
13.73,0.023055827850656643
13.74,0.02370285977674916
13.75,0.024323022886623195
13.76,0.024915832625325648
13.77,0.02548083413745864
13.780000000000001,0.02601760257273597
13.790000000000001,0.026525743360085025
13.8,0.02700489245018386
13.81,0.027454716526342373
13.82,0.027874913183680287
13.83,0.028265211076579137
13.84,0.028625370034418746
13.85,0.028955181145642828
13.86,0.029254466810226826
13.870000000000001,0.02952308076065239
13.88,0.029760908051526605
13.89,0.029967865018011013
13.9,0.030143899203258256
13.91,0.030288989255083366
13.92,0.030403144792125303
13.93,0.030486406239785956
13.94,0.03053884463625926
13.950000000000001,0.030560561408994453
13.96,0.030551688121963162
13.97,0.030512386194128133
13.98,0.030442846589538212
13.99,0.030343289479500025
14.0,0.030213963877302723
14.01,0.030055147245996824
14.02,0.029867145079753053
14.030000000000001,0.02965029045935014
14.040000000000001,0.029404943582364347
14.05,0.029131491268655205
14.06,0.028830346441763924
14.07,0.0285019475868624
14.08,0.028146758185909344
14.09,0.027765266130692
14.1,0.027357983114447926
14.11,0.02692544400278093
14.120000000000001,0.02646820618460265
14.13,0.025986848903845377
14.14,0.025481972572709642
14.15,0.02495419806722342
14.16,0.024404166005903095
14.17,0.02383253601232166
14.18,0.023239985962397854
14.19,0.02262721121723415
14.200000000000001,0.021994923842341932
14.21,0.021343851814098355
14.22,0.020674738214291825
14.23,0.01998834041361751
14.24,0.019285429244994472
14.25,0.018566788167577186
14.26,0.017833212422342804
14.27,0.017085508180139913
14.280000000000001,0.016324491683083166
14.290000000000001,0.015550988380185793
14.3,0.01476583205811988
14.31,0.013969863967995145
14.32,0.013163931949049305
14.33,0.012348889550136495
14.34,0.011525595149902302
14.35,0.010694911076531394
14.36,0.009857702727943413
14.370000000000001,0.009014837693317781
14.38,0.008167184876812322
14.39,0.0073156136243416655
14.4,0.006460992854270264
14.41,0.005604190192866597
14.42,0.004746071115359959
14.43,0.0038874980934250508
14.44,0.0030293297499143024
14.450000000000001,0.002172420021646596
14.46,0.0013176173310436527
14.47,0.0004657637673990108
14.48,-0.0003823057214527463
14.49,-0.0012257641263131167
14.5,-0.002063793161900609
14.51,-0.0028955840395164987
14.52,-0.0037203382263819597
14.530000000000001,-0.004537268190960605
14.540000000000001,-0.005345598133589898
14.55,-0.006144564701766901
14.56,-0.006933417689452391
14.57,-0.00771142071977279
14.58,-0.00847785191052525
14.59,-0.009232004521906206
14.6,-0.009973187585904436
14.61,-0.01070072651682547
14.620000000000001,-0.011413963702431102
14.63,-0.012112259075198343
14.64,-0.01279499066323394
14.65,-0.013461555120387918
14.66,-0.014111368235148889
14.67,-0.014743865417913407
14.68,-0.015358502166255308
14.69,-0.015954754507839102
14.700000000000001,-0.016532119420645867
14.71,-0.017090115230208477
14.72,-0.017628281983572275
14.73,-0.018146181799725273
14.74,-0.018643399196266074
14.75,-0.019119541392100488
14.76,-0.01957423858598679
14.77,-0.02000714421077113
14.780000000000001,-0.02041793516317967
14.790000000000001,-0.02080631200906251
14.8,-0.021171999164005122
14.81,-0.021514745049251358
14.82,-0.021834322222904132
14.83,-0.02213052748639796
14.84,-0.02240318196625958
14.85,-0.022652131171197725
14.86,-0.022877245024589633
14.870000000000001,-0.023078417872453745
14.88,-0.023255568467022134
14.89,-0.023408639926053035
14.9,-0.023537599668042218
14.91,-0.023642439323520247
14.92,-0.02372317462264246
14.93,-0.023779845259301748
14.94,-0.023812514732017617
14.950000000000001,-0.02382127016187518
14.96,-0.023806222087810854
14.97,-0.02376750423956139
14.98,-0.023705273288614482
14.99,-0.023619708577518814
15.0,-0.023511011827931676
15.01,-0.023379406827801277
15.02,-0.023225139098099798
15.030000000000001,-0.023048475539541743
15.040000000000001,-0.02284970405973968
15.05,-0.0226291331812667
15.06,-0.02238709163111206
15.07,-0.022123927912031865
15.08,-0.021840009856313305
15.09,-0.02153572416248421
15.1,-0.021211475915516365
15.11,-0.020867688091082345
15.120000000000001,-0.02050480104444014
15.13,-0.020123271984533276
15.14,-0.019723574433901898
15.15,-0.0193061976750178
15.16,-0.01887164618366056
15.17,-0.018420439049965553
15.18,-0.017953109387783637
15.19,-0.01747020373299838
15.200000000000001,-0.016972281431456578
15.21,-0.016459914017176114
15.22,-0.015933684581495678
15.23,-0.015394187133846101
15.24,-0.014842025954817652
15.25,-0.014277814942211033
15.26,-0.013702176950756435
15.27,-0.013115743126191856
15.280000000000001,-0.012519152234394237
15.290000000000001,-0.011913049986254868
15.3,-0.01129808835899543
15.31,-0.010674924914618921
15.32,-0.010044222116188712
15.33,-0.00940664664263061
15.34,-0.008762868702746188
15.35,-0.00811356134912666
15.36,-0.0074593997926535914
15.370000000000001,-0.006801060718263564
15.38,-0.006139221602658237
15.39,-0.005474560034623846
15.4,-0.004807753038632473
15.41,-0.004139476402377546
15.42,-0.0034704040088969833
15.43,-0.002801207173928473
15.44,-0.0021325539891290527
15.450000000000001,-0.0014651086717860043
15.46,-0.0007995309216377038
15.47,-0.0001364752854044962
15.48,0.0005234094703675441
15.49,0.001179480977571876
15.5,0.0018311038753410476
15.51,0.0024776504088192064
15.52,0.0031185010173640404
15.530000000000001,0.0037530449116397534
15.540000000000001,0.004380680639084721
15.55,0.005000816637245419
15.56,0.0056128717744860016
15.57,0.00621627587759787
15.58,0.006810470245846183
15.59,0.007394908151010969
15.6,0.007969055322992583
15.610000000000001,0.00853239042056798
15.620000000000001,0.009084405486904961
15.63,0.009624606389453892
15.64,0.01015251324385692
15.65,0.01066766082153205
15.66,0.011169598940605086
15.67,0.011657892839885694
15.68,0.01213212353559555
15.69,0.01259188816058177
15.700000000000001,0.013036800285763494
15.71,0.013466490223577989
15.72,0.013880605313217609
15.73,0.014278810187458647
15.74,0.014660787020911987
15.75,0.015026235759538849
15.76,0.015374874331295427
15.77,0.015706438837792235
15.780000000000001,0.016020683726870717
15.790000000000001,0.016317381946019078
15.8,0.01659632507657293
15.81,0.016857323448658854
15.82,0.01710020623686578
15.83,0.017324821536642228
15.84,0.01753103642144112
15.85,0.017718736980650497
15.860000000000001,0.017887828338367634
15.870000000000001,0.018038234653094513
15.88,0.018169899098449124
15.89,0.01828278382500702
15.9,0.018376869903405285
15.91,0.018452157248858674
15.92,0.018508664527256545
15.93,0.018546429043025826
15.94,0.01856550660896253
15.950000000000001,0.01856597139825215
15.96,0.018547915778914865
15.97,0.018511450130928676
15.98,0.018456702646299013
15.99,0.018383819112359555
16.0,0.01829296267860371
16.01,0.018184313607361842
16.02,0.01805806900865317
16.03,0.01791444255955578
16.04,0.01775366420845234
16.05,0.017575979864520884
16.06,0.01738165107285542
16.07,0.01717095467561053
16.080000000000002,0.01694418245957905
16.09,0.016701640790621173
16.1,0.016443650235374623
16.11,0.016170545170689134
16.12,0.01588267338123219
16.13,0.01558039564573031
16.14,0.015264085312311973
16.15,0.014934127863432812
16.16,0.014590920470866369
16.17,0.014234871541256761
16.18,0.013866400252730485
16.19,0.01348593608307636
16.2,0.013093918330006097
16.21,0.012690795624011651
16.22,0.012277025434345473
16.23,0.011853073568645832
16.240000000000002,0.011419413666744498
16.25,0.010976526689183929
16.26,0.01052490040098495
16.27,0.010065028851203296
16.28,0.009597411848811016
16.29,0.009122554435451031
16.3,0.008640966355597942
16.31,0.008153161524674097
16.32,0.007659657495655845
16.330000000000002,0.007160974924713599
16.34,0.006657637036421294
16.35,0.006150169089070209
16.36,0.005639097840623335
16.37,0.005124951015835216
16.38,0.004608256775067222
16.39,0.004089543185315754
16.4,0.0035693376939737154
16.41,0.0030481666058326034
16.42,0.0025265545638350857
16.43,0.0020050240340725427
16.44,0.001484094795523595
16.45,0.0009642834350183575
16.46,0.0004461028479037158
16.47,-6.993825511653366e-05
16.48,-0.0005833358345110758
16.490000000000002,-0.0010935910013618615
16.5,-0.0016002104892780902
16.51,-0.0021027071183484605
16.52,-0.0026006002507068648
16.53,-0.0030934162373042655
16.54,-0.0035806888554768823
16.55,-0.004061959736929346
16.56,-0.004536778785745638
16.57,-0.0050047045860665135
16.580000000000002,-0.0054653047990743785
16.59,-0.005918156548945088
16.6,-0.006362846797437233
16.61,-0.0067989727067989105
16.62,-0.007226141990692318
16.63,-0.00764397325284221
16.64,-0.008052096313135025
16.65,-0.008450152520902254
16.66,-0.00883779505514459
16.67,-0.009214689211455813
16.68,-0.00958051267543356
16.69,-0.00993495578236694
16.7,-0.010277721763011142
16.71,-0.010608526975276462
16.72,-0.010927101121665176
16.73,-0.01123318745231699
16.740000000000002,-0.011526542953526743
16.75,-0.011806938521622328
16.76,-0.012074159122101153
16.77,-0.012328003933939142
16.78,-0.01256828647900469
16.79,-0.012794834736519678
16.8,-0.01300749124253076
16.81,-0.013206113174364363
16.82,-0.013390572420057699
16.830000000000002,-0.013560755632770103
16.84,-0.013716564270196161
16.85,-0.013857914619016306
16.86,-0.01398473780443397
16.87,-0.014096979784865585
16.88,-0.01419460133186164
16.89,-0.014277577995353336
16.9,-0.014345900054331893
16.91,-0.01439957245308324
16.92,-0.014438614723112845
16.93,-0.014463060890910586
16.94,-0.014472959371717978
16.95,-0.014468372849473556
16.96,-0.01444937814312523
16.97,-0.014416066059510756
16.98,-0.014368541233020183
16.990000000000002,-0.014306921952266152
17.0,-0.014231339973999642
17.01,-0.01414194032452023
17.02,-0.014038881088841946
17.03,-0.013922333187885027
17.04,-0.013792480143976731
17.05,-0.013649517834952269
17.06,-0.013493654237159041
17.07,-0.013325109157674759
17.080000000000002,-0.013144113956061602
17.09,-0.012950911255984795
17.1,-0.012745754647034672
17.11,-0.012528908377098606
17.12,-0.012300647035635692
17.13,-0.01206125522821728
17.14,-0.011811027242698878
17.150000000000002,-0.01155026670740172
17.16,-0.011279286241681024
17.17,-0.010998407099269943
17.18,-0.010707958804790604
17.19,-0.010408278783827492
17.2,-0.010099711986966645
17.21,-0.009782610508202661
17.22,-0.009457333198125657
17.23,-0.009124245272296829
17.240000000000002,-0.008783717915229788
17.25,-0.0084361278803932
17.26,-0.008081857086652601
17.27,-0.0077212922115755785
17.28,-0.007354824282015814
17.29,-0.0069828482624035735
17.3,-0.006605762641160362
17.31,-0.00622396901566291
17.32,-0.005837871676174736
17.330000000000002,-0.005447877189168645
17.34,-0.005054393980455386
17.35,-0.004657831918537717
17.36,-0.004258601898604034
17.37,-0.003857115427571433
17.38,-0.003453784210590223
17.39,-0.0030490197394101386
17.400000000000002,-0.0026432328830160385
17.41,-0.0022368334809233417
17.42,-0.001830229939530043
17.43,-0.0014238288319122923
17.44,-0.0010180345014418565
17.45,-0.0006132486696082283
17.46,-0.00020987004840812838
17.47,0.0001917060423271401
17.48,0.0005910880523143298
17.490000000000002,0.000987888572557495
17.5,0.0013817247011030356
17.51,0.001772218402475991
17.52,0.002158996860467941
17.53,0.0025416928239613223
17.54,0.002919944945476723
17.55,0.003293398112144625
17.56,0.0036617037688065303
17.57,0.004024520232965238
17.580000000000002,0.004381513001307705
17.59,0.004732355047540108
17.6,0.0050767271112788556
17.61,0.005414317977754517
17.62,0.005744824748096996
17.63,0.006067953099976609
17.64,0.006383417538392749
17.650000000000002,0.0066909416364053015
17.66,0.006990258265621848
17.67,0.007281109816260705
17.68,0.00756324840662127
17.69,0.0078364360818087
17.7,0.008100445001563539
17.71,0.00835505761706865
17.72,0.008600066836607401
17.73,0.0088352761799668
17.740000000000002,0.009060499921485582
17.75,0.009275563221662297
17.76,0.009480302247249396
17.77,0.009674564279769518
17.78,0.00985820781240537
17.79,0.010031102635222874
17.8,0.010193129908702215
17.81,0.010344182225560206
17.82,0.010484163660862765
17.830000000000002,0.010612989810433224
17.84,0.01073058781757936
17.85,0.01083689638816875
17.86,0.010931865794096076
17.87,0.011015457865197644
17.88,0.011087645969677118
17.89,0.011148414983121196
17.900000000000002,0.011197761246191481
17.91,0.011235692511092155
17.92,0.011262227876922482
17.93,0.011277397714034007
17.94,0.011281243577523026
17.95,0.011273818109998448
17.96,0.01125518493377575
17.97,0.011225418532657277
17.98,0.011184604123468549
17.990000000000002,0.011132837517530117
18.0,0.011070224972253063
18.01,0.010996883033055432
18.02,0.010912938365805883
18.03,0.010818527580008369
18.04,0.010713797042951022
18.05,0.01059890268504898
18.06,0.01047400979662011
18.07,0.010339292816337907
18.080000000000002,0.010194935111615368
18.09,0.010041128751178097
18.1,0.009878074270092782
18.11,0.009705980427523686
18.12,0.009525063957493324
18.13,0.009335549312933424
18.14,0.009137668403311896
18.150000000000002,0.008931660326132275
18.16,0.008717771092602406
18.17,0.008496253347774823
18.18,0.008267366085467772
18.19,0.008031374358273833
18.2,0.007788548982973285
18.21,0.007539166241666244
18.22,0.007283507578945148
18.23,0.007021859295427439
18.240000000000002,0.006754512237974416
18.25,0.006481761486919465
18.26,0.006203906040634221
18.27,0.005921248497760391
18.28,0.0056340947374345085
18.29,0.005342753597836946
18.3,0.0050475365533907005
18.31,0.004748757390943358
18.32,0.00444673188525498
18.330000000000002,0.004141777474123764
18.34,0.003834212933472194
18.35,0.0035243580527190258
18.36,0.003212533310760525
18.37,0.0028990595528783163
18.38,0.002584257668895036
18.39,0.002268448272889281
18.400000000000002,0.0019519513847840956
18.41,0.0016350861141158609
18.42,0.0013181703462873196
18.43,0.0010015204316088614
18.44,0.0006854508774190288
18.45,0.00037027404358106375
18.46,5.6299841638544764e-05
18.47,-0.00025616456208529305
18.48,-0.0005668150391705019
18.490000000000002,-0.0008753507872921286
18.5,-0.0011814746136584468
18.51,-0.0014848932134345998
18.52,-0.0017853174428993424
18.53,-0.00208246258709004
18.54,-0.0023760486216939593
18.55,-0.0026658004689569734
18.56,-0.002951448247379368
18.57,-0.0032327275149861535
18.580000000000002,-0.0035093795059565973
18.59,-0.0037811513604126983
18.6,-0.004047796347171817
18.61,-0.004309074079273246
18.62,-0.004564750722104446
18.63,-0.0048145991939518625
18.64,-0.0050583993588172935
18.650000000000002,-0.005295938211343931
18.66,-0.005527010053708112
18.67,-0.005751416664340663
18.68,-0.005968967458348716
18.69,-0.006179479639521455
18.7,-0.006382778343808305
18.71,-0.0065786967741706245
18.72,-0.006767076326713593
18.73,-0.006947766708018454
18.740000000000002,-0.007120626043598728
18.75,-0.007285520977419839
18.76,-0.007442326762425143
18.77,-0.007590927342023618
18.78,-0.007731215422503568
18.79,-0.007863092536344197
18.8,-0.007986469096408823
18.81,-0.008101264441009505
18.82,-0.0082074068698451
18.830000000000002,-0.008304833670821382
18.84,-0.00839349113777251
18.85,-0.008473334579111737
18.86,-0.00854432831744689
18.87,-0.008606445680207638
18.88,-0.008659668981337331
18.89,-0.008703989494113131
18.900000000000002,-0.008739407415165292
18.91,-0.008765931819775639
18.92,-0.008783580608543291
18.93,-0.008792380445513712
18.94,-0.008792366687875575
18.95,-0.008783583307337547
18.96,-0.00876608280330484
18.97,-0.008739926107983196
18.98,-0.008705182483544977
18.990000000000002,-0.008661929411499819
19.0,-0.008610252474418796
19.01,-0.00855024523016828
19.02,-0.008482009078816577
19.03,-0.00840565312238197
19.04,-0.008321294017598731
19.05,-0.008229055821881655
19.06,-0.008129069832677761
19.07,-0.008021474420397454
19.080000000000002,-0.007906414855124565
19.09,-0.00778404312730866
19.1,-0.007654517762648376
19.11,-0.007518003631380177
19.12,-0.007374671752189504
19.13,-0.0072246990909679044
19.14,-0.007068268354641394
19.150000000000002,-0.00690556778030158
19.16,-0.006736790919871912
19.17,-0.006562136420547091
19.18,-0.006381807801245654
19.19,-0.006196013225317776
19.2,-0.006004965269754898
19.21,-0.005808880691147449
19.22,-0.005607980188641947
19.23,-0.005402488164146833
19.240000000000002,-0.005192632480042179
19.25,-0.0049786442146455955
19.26,-0.004760757415690106
19.27,-0.004539208852070579
19.28,-0.004314237764112672
19.29,-0.004086085612624261
19.3,-0.0038549958269817127
19.31,-0.003621213552510679
19.32,-0.003384985397414194
19.330000000000002,-0.0031465591795046496
19.34,-0.002906183672992194
19.35,-0.002664108355581569
19.36,-0.002420583156129698
19.37,-0.0021758582031107592
19.38,-0.001930183574137635
19.39,-0.0016838090467824066
19.400000000000002,-0.001436983850940021
19.41,-0.001189956422972207
19.42,-0.0009429741618696317
19.43,-0.0006962831876651908
19.44,-0.0004501281023270362
19.45,-0.00020475175335952722
19.46,3.960499966860477e-05
19.47,0.0002827035154465748
19.48,0.0005243075978848449
19.490000000000002,0.0007641837195058239
19.5,0.0010021012410595495
19.51,0.001237832627163244
19.52,0.0014711536577687058
19.53,0.001701843635269544
19.54,0.0019296855870607327
19.55,0.002154466463373594
19.56,0.0023759773302104875
19.57,0.002594013557212931
19.580000000000002,0.0028083750002991853
19.59,0.003018866178917232
19.6,0.003225296447761668
19.61,0.0034274801628111796
19.62,0.0036252368415501486
19.63,0.003818391317242241
19.64,0.004006773887133224
19.650000000000002,0.004190220454463862
19.66,0.004368572664183865
19.67,0.00454167803226158
19.68,0.004709390068492724
19.69,0.0048715683927187965
19.7,0.005028078844370738
19.71,0.0051787935852638765
19.72,0.005323591195572596
19.73,0.005462356762925996
19.740000000000002,0.005594981964567472
19.75,0.0057213651425322455
19.76,0.0058414113718027955
19.77,0.0059550325214077285
19.78,0.006062147308440561
19.79,0.006162681344977791
19.8,0.006256567177886314
19.81,0.006343744321515023
19.82,0.006424159283274177
19.830000000000002,0.006497765582111789
19.84,0.006564523759904805
19.85,0.006624401385788396
19.86,0.006677373053454541
19.87,0.006723420371457778
19.88,0.0067625319465723106
19.89,0.0067947033602522855
19.900000000000002,0.006819937138252368
19.91,0.0068382427134738065
19.92,0.006849636382106265
19.93,0.00685414125314287
19.94,0.006851787191351815
19.95,0.006842610753794055
19.96,0.006826655119982559
19.97,0.00680397001578456
19.98,0.00677461163117382
19.990000000000002,0.0067386425319457275
20.0,0.006696131565513334
