Time (s),Displacement (m)
0.0,1.0099342830602247
0.01,0.9967462198206922
0.02,1.011044557325246
0.03,1.026262835485203
0.04,0.9880236744312716
0.05,0.9841791022066789
0.06,1.0159061703842651
0.07,0.9944870271019258
0.08,0.9639701298678937
0.09,0.9778827854759905
0.1,0.9509291281319647
0.11,0.9435835279457347
0.12,0.9500112564795586
0.13,0.8987898536054438
0.14,0.8940843432483422
0.15,0.9085402487240338
0.16,0.8904391299713154
0.17,0.9076255299571039
0.18,0.8735869554475614
0.19,0.853695592357553
0.2,0.9012600913235351
0.21,0.8572706742745937
0.22,0.8528305434336076
0.23,0.8125532658679052
0.24,0.8196218572449296
0.25,0.822099686741793
0.26,0.7861598463792027
0.27,0.8059342072263018
0.28,0.7756043566552444
0.29,0.7709498772172727
0.3,0.7538984878131696
0.31,0.7921209771301408
0.32,0.743953083580552
0.33,0.7122313998265445
0.34,0.7390235361495566
0.35000000000000003,0.6873760043526319
0.36,0.7052317730189902
0.37,0.6511716791817102
0.38,0.6531679112234567
0.39,0.673097862501746
0.4,0.6734274163042024
0.41000000000000003,0.6516568540752621
0.42,0.6355669545653801
0.43,0.621591958102131
0.44,0.5878656407537312
0.45,0.5929530656918615
0.46,0.588146397239792
0.47000000000000003,0.608609395311547
0.48,0.5845485402236142
0.49,0.5327286373121641
0.5,0.5648907489243673
0.51,0.5412354773460355
0.52,0.5260369777822919
0.53,0.5425590676199601
0.54,0.541808858031651
0.55,0.5307921677413183
0.56,0.48647526549046777
0.5700000000000001,0.4882845749269231
0.58,0.4924200900614753
0.59,0.49674899624537766
0.6,0.45921548951818836
0.61,0.45676448241265344
0.62,0.43014752882259194
0.63,0.4202644937733105
0.64,0.4524712145509634
0.65,0.45549498374028946
0.66,0.4191965225773172
0.67,0.4330905361911538
0.68,0.41275183544999516
0.6900000000000001,0.3852314357554463
0.7000000000000001,0.3980912630646333
0.71,0.4144676663882205
0.72,0.3759472620564755
0.73,0.40102591181337466
0.74,0.31051889424433343
0.75,0.37264315309754814
0.76,0.3513469050476776
0.77,0.33713519774339445
0.78,0.33856739323478163
0.79,0.29070398419919663
0.8,0.319890332975186
0.81,0.32535850014326373
0.8200000000000001,0.3418095011118093
0.8300000000000001,0.2960232848138249
0.84,0.2844563701275011
0.85,0.28492790994353423
0.86,0.3077059161983962
0.87,0.29050448150120184
0.88,0.2679613423610312
0.89,0.2835432161296627
0.9,0.27003370033077684
0.91,0.2823710151112239
0.92,0.24395342447089835
0.93,0.2465267397276778
0.9400000000000001,0.24041116179769936
0.9500000000000001,0.21424293627300225
0.96,0.24478084439252842
0.97,0.23950877004028548
0.98,0.22990191528730802
0.99,0.2207013802312837
1.0,0.19275942588728925
1.01,0.20840664638072479
1.02,0.2057957300898307
1.03,0.19251146795570745
1.04,0.20131359648381
1.05,0.2086767186251397
1.06,0.23444870293869832
1.07,0.1964175272933278
1.08,0.19434848891615103
1.09,0.18404942962492482
1.1,0.14357199200559956
1.11,0.17789326570362818
1.12,0.17617020235325329
1.1300000000000001,0.22083730565770596
1.1400000000000001,0.16439581492529243
1.1500000000000001,0.17100716585367198
1.16,0.16107670411624714
1.17,0.13525257019303893
1.18,0.17839719840495877
1.19,0.167552396158702
1.2,0.16536472630543758
1.21,0.1284430386654223
1.22,0.17182872684236694
1.23,0.11293224250966463
1.24,0.14995623077213485
1.25,0.1793304741318791
1.26,0.11306441489525433
1.27,0.11895354696822874
1.28,0.12972655652513645
1.29,0.11516681217659433
1.3,0.09177373560724876
1.31,0.12175595380964128
1.32,0.09678246296108939
1.33,0.12518953678348532
1.34,0.09506283097067147
1.35,0.14222728958607295
1.36,0.09338367476538365
1.37,0.1004697107025622
1.3800000000000001,0.12108476799409558
1.3900000000000001,0.07814113586445537
1.4000000000000001,0.10529138175707617
1.41,0.12490782029567617
1.42,0.06467637530076623
1.43,0.09861736822555107
1.44,0.09825787006960689
1.45,0.10686837460366323
1.46,0.0647001054329025
1.47,0.06127202072866139
1.48,0.09639619142612796
1.49,0.09020678883136539
1.5,0.08761958137325888
1.51,0.08791358804188375
1.52,0.06579068710313372
1.53,0.08247386989051937
1.54,0.08215832575912277
1.55,0.06050781393501852
1.56,0.11063761426973004
1.57,0.08135482027601042
1.58,0.04663633616315994
1.59,0.08220538926487968
1.6,0.048219731474128905
1.61,0.08212072122761807
1.62,0.08824271065307396
1.6300000000000001,0.04737452675580041
1.6400000000000001,0.08179818155019869
1.6500000000000001,0.06955339183592885
1.6600000000000001,0.07653024490522851
1.67,0.09683985817679092
1.68,0.05283442437172097
1.69,0.04152843432693734
1.7,0.037696182428692576
1.71,0.03807548913268552
1.72,0.05177637082904082
1.73,0.05908922496150729
1.74,0.05676844383386042
1.75,0.06676699646784082
1.76,0.04949194106731449
1.77,0.07733063885595723
1.78,0.04201397857456038
1.79,0.10077638898384023
1.8,0.057970611164729936
1.81,0.0274163823347919
1.82,0.02226161277593094
1.83,0.05246615631363264
1.84,0.03750167608430361
1.85,0.055421812897699894
1.86,0.04979374941330397
1.87,0.038075616686307934
1.8800000000000001,0.02181521021975582
1.8900000000000001,0.007688414837923128
1.9000000000000001,0.028304419499010434
1.9100000000000001,0.053626843201527524
1.92,0.04005939130009338
1.93,0.010155606586139725
1.94,0.03784080482317577
1.95,0.04140400356176348
1.96,0.015354374783639702
1.97,0.03545302856587587
1.98,0.03290258173356861
1.99,0.008251507850317624
2.0,0.037651545401680975
2.0100000000000002,0.04110850826049588
2.02,0.050962759186060996
2.0300000000000002,0.049798355511824696
2.04,0.0006009418495775583
2.05,0.00884105320406603
2.06,0.037352474017299166
2.07,0.03679247633257855
2.08,0.03629326193742007
2.09,0.10253284357543815
2.1,0.03639208061509302
2.11,0.04719159132453646
2.12,0.043076077668563625
2.13,0.0365491951486574
2.14,0.016750688626050118
2.15,0.03777935249132251
2.16,0.006696368611047394
2.17,0.016978238465669444
2.18,0.01157773630331368
2.19,0.022501375145983025
2.2,0.06674427003805741
2.21,-0.017298841476782595
2.22,0.03337502645786297
2.23,-0.012993295469405492
2.24,0.009441268477946525
2.25,0.04028533463798179
2.2600000000000002,0.019425724546658796
2.27,-0.0037737309624645346
2.2800000000000002,0.0031232270639502333
2.29,0.030676349156297675
2.3000000000000003,0.0021389735443141395
2.31,0.02074407453154895
2.32,0.01700148878548174
2.33,0.0027396176824926836
2.34,0.05833837571884058
2.35,0.02783191606596845
2.36,-0.025649223857696274
2.37,0.01828873756697291
2.38,0.0010357594305907564
2.39,0.03103769215317223
2.4,-0.002138265828522846
2.41,0.011146020032107466
2.42,0.023274462656770446
2.43,0.03022905145357601
2.44,-0.01134759173222432
2.45,0.0057177569897935085
2.46,0.002663277358453127
2.47,-0.001145140533127335
2.48,0.046994552134125955
2.49,0.019553793333202174
2.5,-0.013990251857006511
2.5100000000000002,0.02936242018851874
2.52,0.05323045646057892
2.5300000000000002,0.03122309935913107
2.54,-0.02002291837621467
2.5500000000000003,0.00047462793826192826
2.56,0.03529642062702767
2.57,-0.004392323875552828
2.58,0.018444222672130993
2.59,0.024871107613277613
2.6,-0.009345842283231693
2.61,0.007820274694938276
2.62,-0.05599294889534713
2.63,-0.011830208617877036
2.64,0.0034347878925037236
2.65,-0.016637514025321397
2.66,0.04080169929189221
2.67,-0.020610771593526575
2.68,-0.000967056317375644
2.69,0.010293553929268527
2.7,0.0363521867129525
2.71,-0.02133953467495144
2.72,0.030494920164277378
2.73,0.007293134131469615
2.74,-0.012682038488695657
2.75,0.016052643413365503
2.7600000000000002,0.010656930060639428
2.77,-0.005460770211692964
2.7800000000000002,0.007810056374912678
2.79,-0.0014192455139869949
2.8000000000000003,0.008432898746683773
2.81,0.019283154688973906
2.82,0.03764128206774317
2.83,-0.01895259228178498
2.84,0.04834947770002812
2.85,-0.033465578624809644
2.86,0.002430072262110201
2.87,0.01712390060961324
2.88,0.01087131842519521
2.89,-0.007306484853430716
2.9,0.0008831433367058094
2.91,-0.004914329952099624
2.92,-0.00693952833095445
2.93,0.02174382534751584
2.94,0.011798009894401294
2.95,-0.009292712398168836
2.96,0.02246708205029606
2.97,0.010532469564026925
2.98,0.020556870280592242
2.99,0.016807072934675767
3.0,-0.012448850525544517
3.0100000000000002,-0.007154365467757256
3.02,0.018914952430582783
3.0300000000000002,0.01609789792617301
3.04,0.0033954289078291645
3.0500000000000003,0.006084501707340808
3.06,0.029217240108830866
3.0700000000000003,-0.008240032123368494
3.08,0.014462233041316908
3.09,-0.000593269992231579
3.1,-0.0009713633634756903
3.11,0.025290828074995202
3.12,0.01975797426266713
3.13,0.019455495917724153
3.14,0.029231809195726117
3.15,0.0034804884623536193
3.16,0.0166388736357684
3.17,-0.0032649185686248953
3.18,0.009365521989129195
3.19,0.00022226497036738737
3.2,0.004709106398361107
3.21,0.014617496202205751
3.22,-0.013703803747673658
3.23,0.04445567379108448
3.24,-0.017564057921792164
3.25,-0.021778098695780155
3.2600000000000002,0.025618277061852747
3.27,0.01824068184282809
3.2800000000000002,0.01484215556856544
3.29,0.014879944506281847
3.3000000000000003,0.0020222991016190205
3.31,-0.015722745805126177
3.3200000000000003,0.0036944287298596003
3.33,-0.011408029445277015
3.34,0.021595320700416355
3.35,-0.0008896632308220006
3.36,-0.014499080622795818
3.37,-0.004456670304843278
3.38,0.010190647206428342
3.39,-0.009380728573525648
3.4,-0.014588143597838749
3.41,0.006693252846766939
3.42,0.006682812115103421
3.43,-0.00839069737489239
3.44,-0.007707215300370747
3.45,0.0063206196343219955
3.46,-0.027315324042003066
3.47,-0.02653551227469412
3.48,-0.01278707530136888
3.49,-0.0027184552938342658
3.5,0.007737937847889915
3.5100000000000002,0.03099681757016398
3.52,0.01861338825416417
3.5300000000000002,-0.0017674881842246627
3.54,0.0010226173836956067
3.5500000000000003,-0.018675425457767063
3.56,0.000977669464066209
3.5700000000000003,-0.004451931080766642
3.58,0.007749450907637294
3.59,-0.015275183141353385
3.6,0.011631229812131414
3.61,0.031874439300049094
3.62,-0.000979692556058662
3.63,0.00920607242894627
3.64,0.014951514127541716
3.65,-0.006898519386473753
3.66,0.005585445799797799
3.67,0.0013335917289525772
3.68,0.003013845930900327
3.69,-0.014420867341152811
3.7,0.0015089519287617
3.71,0.010958541876143542
3.72,0.03000167524621742
3.73,0.020144838173685196
3.74,0.04400407313419617
3.75,-0.014425148770269954
3.7600000000000002,0.01834996244864223
3.77,0.004552498478083619
3.7800000000000002,0.04466417994279668
3.79,-0.01531503426211763
3.8000000000000003,-0.015960354856412128
3.81,-0.011170286743388746
3.8200000000000003,-0.041676537112512076
3.83,-0.009729591297203336
3.84,-0.014412698124559038
3.85,0.003762584792027312
3.86,0.007574884421612187
3.87,0.03824853344396633
3.88,0.019719235227752586
3.89,-0.010841388537230198
3.9,-0.01728540406084606
3.91,0.010507750746447483
3.92,-0.0257485511225743
3.93,0.037272296486096354
3.94,0.024219188987552535
3.95,-0.008765608905711375
3.96,-0.033657021715991615
3.97,0.027671123350674075
3.98,-0.0017088765612373411
3.99,0.025326723832440147
4.0,-0.031329450170152234
4.01,-0.011439468394805374
4.0200000000000005,0.0006420543345560798
4.03,0.0014661553680965242
4.04,-0.0084851921622404
4.05,0.012962896140262716
4.0600000000000005,-0.020856528504876026
4.07,-0.002361528671680186
4.08,0.0028823490378119313
4.09,0.010755779038556451
4.1,0.014690052678296123
4.11,-0.02204415085470275
4.12,-0.030242477086411312
4.13,0.025984634039329258
4.14,0.007068841557290652
4.15,-0.014555536668364507
4.16,0.03142903200006914
4.17,0.0027114460034402235
4.18,0.023976017012223443
4.19,0.001732719005872891
4.2,0.04158973686576713
4.21,0.0354741741227307
4.22,-0.004619199843177965
4.23,0.01978437203511848
4.24,0.013253483082360785
4.25,0.027711744705311115
4.26,-0.018966070543815147
4.2700000000000005,0.014046845943991077
4.28,0.021487854887543033
4.29,-0.0348617484217753
4.3,-0.02335832757047323
4.3100000000000005,-0.04048387675568405
4.32,-0.005093325462580037
4.33,0.01463981869686218
4.34,0.030330392570226405
4.3500000000000005,0.0017595383879250304
4.36,0.03284445600249125
4.37,-0.02733527290050856
4.38,-0.03380617464498149
4.39,-0.0008546573647669226
4.4,0.0079325305846474
4.41,-0.0004076478717234148
4.42,-0.04110747092459406
4.43,-0.001545809176711912
4.44,-0.02585748321974902
4.45,0.01362076570924146
4.46,0.007554778525490047
4.47,-0.0185791941239587
4.48,-0.010063261381832316
4.49,-0.02097443247718581
4.5,-0.0010478990514454997
4.51,0.019304456513130577
4.5200000000000005,-0.019516902968013145
4.53,0.010274635174250578
4.54,-0.010415283114034763
4.55,-0.01567134705227345
4.5600000000000005,-0.0019581828204241827
4.57,-0.020526034312018656
4.58,-0.010897714685801179
4.59,-0.023785757035114246
4.6000000000000005,0.03946290159297707
4.61,0.0008703354537459381
4.62,-0.013832714238048351
4.63,0.0044381903643757985
4.64,-0.0020911091773864582
4.65,-0.004267018324813904
4.66,0.01243269046752558
4.67,0.01529655321288135
4.68,-0.010466522833541608
4.69,-0.011375706185626461
4.7,-0.005363160541932791
4.71,-0.04590327996866704
4.72,-0.030171353933932377
4.73,0.02746732963153458
4.74,0.03302662746464449
4.75,-0.0048559677736305235
4.76,0.011653422004293108
4.7700000000000005,0.0063448644743924
4.78,0.06169510413906049
4.79,0.02250665978177742
4.8,-0.002445470627298138
4.8100000000000005,-0.019000162806526846
4.82,-0.0320204713366781
4.83,0.004175580232235138
4.84,-0.015022812420000158
4.8500000000000005,-0.028342935053131967
4.86,-0.012831341035917172
4.87,-0.021532825865287382
4.88,0.03383902372147299
4.89,0.01772708144968702
4.9,-6.703350921028485e-05
4.91,0.029689472070273695
4.92,0.0016361616576710154
4.93,-0.01713864679024432
4.94,0.03054779532934385
4.95,0.010861825331898483
4.96,-0.020662954503195892
4.97,-0.0037264280647084915
4.98,-0.017433610517853557
4.99,-0.027578799513718704
5.0,0.018599217490978343
5.01,0.03826250105213121
5.0200000000000005,-0.027898651863003623
5.03,0.011330644798638314
5.04,-0.012943002361202606
5.05,-0.009674041757129047
5.0600000000000005,-0.01178076828241656
5.07,-0.017214034062078196
5.08,0.001034911332967968
5.09,-0.016555800319239707
5.1000000000000005,0.005471087041121345
5.11,-0.0009440383658902197
5.12,-0.004719439526340046
5.13,-0.018092930432600827
5.14,-0.011478239068001491
5.15,0.01516387967078452
5.16,0.01007328894046118
5.17,-0.019497247695494227
5.18,0.0020394368651545287
5.19,0.015079487897097614
5.2,-0.03333738482081949
5.21,0.010916920310142537
5.22,-0.013203743168196103
5.23,0.011459740424208597
5.24,-0.015218361929428664
5.25,-0.036051747933693444
5.26,-0.032505863441652856
5.2700000000000005,0.0010057934803724136
5.28,0.00523767145111054
5.29,-0.018043966926732973
5.3,0.012813375856367439
5.3100000000000005,-0.03318969684787279
5.32,-0.001281697576455875
5.33,-0.02418121563988797
5.34,-0.012998388197951452
5.3500000000000005,0.0009855483212413921
5.36,-0.017171436443488966
5.37,-0.007655009322296709
5.38,0.020161242887801547
5.39,-0.011503151390586974
5.4,0.016747841412401772
5.41,-0.022560811150711357
5.42,0.010628749602907554
5.43,0.028863391626771814
5.44,-0.04940150481180997
5.45,-0.015907141387059086
5.46,0.011571597103472959
5.47,-0.004031350261261927
5.48,0.007451889650135962
5.49,-0.012051305239237147
5.5,0.0017596319166817466
5.51,-0.0030862597336369104
5.5200000000000005,0.023382385928733724
5.53,0.005114631981128112
5.54,0.006777749262568369
5.55,-0.008212352116674806
5.5600000000000005,-0.009727436015748214
5.57,-0.008626964155049367
5.58,0.007912763264712463
5.59,-0.008396438894973194
5.6000000000000005,0.005818287464243433
5.61,0.04153035502054049
5.62,0.017444390773498096
5.63,-0.006499007522287016
5.64,0.024045316566088038
5.65,-0.00814088592035371
5.66,-0.04074227749732135
5.67,-0.02014191326040265
5.68,-0.03739641778541531
5.69,-0.007011233600055661
5.7,0.0003870267249157658
5.71,0.03354703591088926
5.72,0.006556474981035192
5.73,-0.004364438058816207
5.74,0.016605336181880745
5.75,-0.044205822691044394
5.76,0.004728840335807281
5.7700000000000005,0.01543352535578763
5.78,-0.029555824644329112
5.79,0.022890666288945847
5.8,0.006785204962612451
5.8100000000000005,-0.008290783966446526
5.82,0.012670315122464474
5.83,0.04542824431651149
5.84,0.0036514273767339718
5.8500000000000005,0.00497823475780925
5.86,-0.009173668673367141
5.87,-0.01698360636631551
5.88,0.016619734371993846
5.89,-0.017108916251550022
5.9,0.0014438323408101235
5.91,-0.009540889005879984
5.92,0.009591613681485292
5.93,0.006685021316458185
5.94,0.02076234485188013
5.95,-0.01018901063582941
5.96,-0.005386405462971273
5.97,-0.019564400733674464
5.98,-0.008875206930897394
5.99,0.007556457083625252
6.0,0.015150012686766868
6.01,-0.018433268902283105
6.0200000000000005,0.017401957225958404
6.03,0.027122401178180613
6.04,0.008278151102521322
6.05,0.03754518210651548
6.0600000000000005,-0.015466701602944848
6.07,-0.024884191530256627
6.08,-0.03556567872413576
6.09,0.029929439692329418
6.1000000000000005,0.013095697219721836
6.11,-0.0011034753417247286
6.12,0.005607427874064564
6.13,-0.022501885104869185
6.140000000000001,0.04892277908530671
6.15,0.0025920098802468873
6.16,0.002195331915209736
6.17,0.014522621257963593
6.18,0.009627329087211018
6.19,0.004484683468422579
6.2,-0.015802624794416627
6.21,0.009436095534676456
6.22,0.0376470850903706
6.23,0.026914865491035098
6.24,0.031870069093702436
6.25,-0.010218102440021444
6.26,-0.019786008304363376
6.2700000000000005,-0.002509770853657274
6.28,0.0011203476287358965
6.29,0.021889563926838437
6.3,-0.033843672568920076
6.3100000000000005,0.03059651513063049
6.32,-0.003154758310549681
6.33,-0.008532328658370019
6.34,-0.020236899567909916
6.3500000000000005,-0.03309204822806283
6.36,0.016468396194601446
6.37,0.0014712451591144173
6.38,-0.025794428925100293
6.390000000000001,-0.025896881201485363
6.4,-0.006711092698190945
6.41,0.033384940681800514
6.42,-0.005187406158727877
6.43,-0.030058525732879995
6.44,-0.004910613757909293
6.45,-0.005450307977750208
6.46,-0.05393365188281224
6.47,-0.0010818971630762544
6.48,-0.004614769645512535
6.49,0.013927970614746156
6.5,0.036982889114580086
6.51,0.022534993210760208
6.5200000000000005,-0.005374154310062523
6.53,-0.022126970344721626
6.54,0.05147067364336602
6.55,0.0011877773979933161
6.5600000000000005,0.0002819270588297376
6.57,-0.000479226682229219
6.58,0.003964905424795627
6.59,-0.0028840615954460677
6.6000000000000005,-0.011470155802278528
6.61,-0.01093415556341298
6.62,-0.0006521020075115791
6.63,-0.010865590705055155
6.640000000000001,-0.014254068453185612
6.65,0.0021313953758512415
6.66,-0.005096808788382159
6.67,0.030082541163970845
6.68,-0.05301676787066837
6.69,0.021832713291869827
6.7,0.0249242290901376
6.71,-0.0414653294110838
6.72,-0.006851325657505778
6.73,-0.007426439138270641
6.74,-0.028147902803862885
6.75,-0.015554048820008333
6.76,-0.022209277222188586
6.7700000000000005,0.03504760420682397
6.78,0.01871571973068888
6.79,0.025433211157786757
6.8,0.014435508772663488
6.8100000000000005,-0.022579008871626307
6.82,-0.010488418901309603
6.83,0.009789438315008028
6.84,-0.024440647642363308
6.8500000000000005,0.014261839347388929
6.86,-0.004804674262433446
6.87,-0.007494618759969869
6.88,0.01422096116436511
6.890000000000001,0.008886993144032884
6.9,-0.0072176305972639545
6.91,0.02318825526831838
6.92,-0.021619640205346225
6.93,0.012320306281715649
6.94,0.011863587736055087
6.95,-0.006189397150683849
6.96,0.006524161752021521
6.97,-0.025020799948400802
6.98,0.01848198282422071
6.99,-0.003696628851004389
7.0,-0.010453074529182704
7.01,0.020981542955649524
7.0200000000000005,-0.01408554227083612
7.03,-0.02816792075351104
7.04,-0.031131304140889927
7.05,0.012121453024077826
7.0600000000000005,-0.025607357883568157
7.07,0.0350970884669202
7.08,-0.04163740718761917
7.09,0.03393028495108217
7.1000000000000005,0.004221484007609443
7.11,-0.0019331500416945467
7.12,-0.010897291563416352
7.13,0.007983790872937041
7.140000000000001,-0.0007516466220197561
7.15,0.022067064326373786
7.16,0.002285559329538398
7.17,0.0030070216583453434
7.18,-0.007271277347774344
7.19,-0.0011379647237521006
7.2,0.006156964361789812
7.21,-0.03420245726429854
7.22,-0.02696281588414727
7.23,0.0148661567645894
7.24,0.0034181663228273623
7.25,-0.00367882614761609
7.26,0.000369502596157306
7.2700000000000005,0.0069524417270797395
7.28,-0.01079440197828533
7.29,-0.015565318555427055
7.3,0.003917665689681522
7.3100000000000005,-0.019566710025218825
7.32,0.008165785878945947
7.33,-0.034050955790209995
7.34,0.02058381485747736
7.3500000000000005,0.009452637856496767
7.36,0.0051212692670773085
7.37,0.019654480902115277
7.38,0.03331013701935984
7.390000000000001,0.0202880365966349
7.4,-0.03681686191006965
7.41,-0.025590928948764878
7.42,-0.01249577325441601
7.43,0.0005224074565904316
7.44,0.010353755249221174
7.45,-0.014514312805822039
7.46,0.0037358875895878102
7.47,-0.015107117283293855
7.48,-0.012229825415787288
7.49,-0.028132701800368993
7.5,-0.018464155085017284
7.51,-0.027033192370578843
7.5200000000000005,-0.019516975213348435
7.53,0.02107331607875041
7.54,-0.018987507137584802
7.55,0.052648102616524216
7.5600000000000005,0.009866810202650579
7.57,0.0036971657050667134
7.58,-0.01716672114902022
7.59,0.014006623440006333
7.6000000000000005,-0.011512339105360113
7.61,0.0024406054468447806
7.62,0.051202091817522666
7.63,-0.0019208048837108089
7.640000000000001,0.02298585185238068
7.65,-0.014063150805829804
7.66,-0.0006993995921467978
7.67,0.03541637559969918
7.68,-0.012538985454410189
7.69,0.036249319817925195
7.7,0.014155380463205431
7.71,-0.011249000530973934
7.72,0.01264848313483657
7.73,0.019451410844421348
7.74,0.01243651472313632
7.75,-0.03140418516591537
7.76,-0.014542440407805364
7.7700000000000005,-0.004950075604292321
7.78,-0.0014883773583707293
7.79,0.012413727408029514
7.8,0.0035542998232534016
7.8100000000000005,-0.026706612910115765
7.82,0.007604225853412754
7.83,0.012211978415714081
7.84,0.011196067250810075
7.8500000000000005,0.021615867688753693
7.86,0.016678691255385753
7.87,0.009183844834991897
7.88,-0.0014030757954308739
7.890000000000001,-0.03321898495788218
7.9,0.008592593467273034
7.91,0.004153978291704111
7.92,0.005431796845992301
7.930000000000001,-0.025534755772634643
7.94,-0.021620919336406606
7.95,0.021063264350995335
7.96,-0.0007908998973007177
7.97,0.013630213104054633
7.98,0.0005665627356464261
7.99,0.000595314137474982
8.0,0.018765863678144486
8.01,-0.010320710719632548
8.02,0.001922595743165337
8.03,-0.009245329138040301
8.040000000000001,-0.008689751410214103
8.05,-0.006183272759311238
8.06,0.004442841782251435
8.07,-0.009574809377634691
8.08,0.025115282338387376
8.09,-0.017891989382258118
8.1,-0.003737279323213273
8.11,-0.008794470646161593
8.120000000000001,0.028939705225914297
8.13,0.003931240147606367
8.14,0.02063703254313169
8.15,-0.029711068513892942
8.16,0.0053411415128997745
8.17,0.01779274941113146
8.18,0.001645810640720569
8.19,0.021309735765412306
8.2,-0.010345643277701615
8.21,0.028187072038509373
8.22,0.04597808326697029
8.23,-0.007256652806100941
8.24,-0.008909934369853587
8.25,0.02906780330241029
8.26,0.031591554422070484
8.27,-0.010457091243604704
8.28,-0.00840362920673081
8.290000000000001,-0.0056355871634426345
8.3,-0.02688890728632995
8.31,-0.018372938033565177
8.32,-0.020082716436799576
8.33,-0.015355854362157185
8.34,-0.0006936027273493715
8.35,0.0046843877895869565
8.36,0.031010101150865152
8.370000000000001,-0.01996699132794608
8.38,0.019686535684403466
8.39,-0.004279690906509222
8.4,-0.000989189917526187
8.41,0.013496472450087395
8.42,-0.022454359460214002
8.43,0.007648274291379126
8.44,0.003329121960373516
8.45,0.009849101535809139
8.46,0.005783447623839557
8.47,0.049106076063837385
8.48,-0.012754727870163282
8.49,-0.01061986870720288
8.5,-0.012462741529533307
8.51,-0.011109474750514102
8.52,-0.012747676252656371
8.53,0.023780395602926285
8.540000000000001,0.028410148653866787
8.55,-0.011414863442146922
8.56,-0.016647050265495084
8.57,0.009428371112543913
8.58,-0.01104440208858253
8.59,0.012658693987887775
8.6,0.004058516908598098
8.61,-0.03031482692698061
8.620000000000001,0.03095015830310711
8.63,0.03591760666366949
8.64,-0.012255721661394083
8.65,-0.00775398008303144
8.66,0.0057173579180279
8.67,0.006689184911153939
8.68,0.013170933592398905
8.69,0.04020413796105437
8.700000000000001,-0.0035388982984936174
8.71,-0.015965899555220535
8.72,-0.027586340122446013
8.73,-0.014618557240922127
8.74,-0.000662496762064217
8.75,0.03589119912034168
8.76,-0.010352184959422743
8.77,0.004475799241802479
8.78,-0.00032841850862256255
8.790000000000001,0.02376790410136779
8.8,0.05053868638490564
8.81,-0.010617338340798617
8.82,-0.009788752467734524
8.83,0.02088325320358702
8.84,0.013637864748572823
8.85,0.03693418077859117
8.86,0.01167859729191968
8.870000000000001,-0.007185808895376274
8.88,0.011813128882344202
8.89,0.0221741032411971
8.9,0.01640967462717939
8.91,0.010145511011472938
8.92,0.02133352357936107
8.93,0.023385941006657886
8.94,0.027643208440340898
8.950000000000001,0.012974225804677348
8.96,-0.003342334108936923
8.97,0.002934300681581617
8.98,0.02413020574937882
8.99,-0.01633868752366848
9.0,0.007373491560757598
9.01,-0.007866751365870646
9.02,0.0005749208467025117
9.03,0.02556906115723726
9.040000000000001,0.003822004792136829
9.05,0.0009287539308822244
9.06,-0.027197100306631243
9.07,0.014925093387724941
9.08,0.012909705253042584
9.09,0.043265115668023206
9.1,-0.006155543916972041
9.11,0.004383026923853842
9.120000000000001,0.004987693641425757
9.13,0.03154908516710288
9.14,-0.001905891463453919
9.15,0.005580449319817611
9.16,0.01215794862638933
9.17,0.003732200530206493
9.18,-0.008928654581683374
9.19,0.0038818172166251693
9.200000000000001,0.02147265201212998
9.21,-0.020530289310204942
9.22,0.002659409830706933
9.23,-0.014002400274721575
9.24,0.023900948285261056
9.25,-0.03046372269992606
9.26,-0.011178421854538595
9.27,0.007544252293363884
9.28,0.031310495083857595
9.290000000000001,-0.0013149910093917863
9.3,-0.0111039766032138
9.31,0.037623155043616616
9.32,-0.028960264623903317
9.33,-0.04397610601300938
9.34,0.008800301860677534
9.35,-0.010041071882078693
9.36,-0.020424643987235935
9.370000000000001,0.014167141056712516
9.38,0.004876026146340994
9.39,-0.011281560978877456
9.4,-0.025606076567966183
9.41,0.01744915774521152
9.42,0.013004034517410765
9.43,-0.0019835065343377545
9.44,0.036932750449512226
9.450000000000001,-0.021401685006443582
9.46,-0.030510493302766572
9.47,-0.013838151482201522
9.48,-0.0009117106080251264
9.49,0.004866798513087892
9.5,-0.004824711819132535
9.51,0.007041117083375328
9.52,-0.0250307795119628
9.53,0.02887530087565681
9.540000000000001,-0.0016430149477964144
9.55,0.022345925081128988
9.56,0.006854515209611855
9.57,0.00913507250113772
9.58,0.01139535356195772
9.59,0.008954179000094573
9.6,0.01285446284265379
9.61,0.0265830580965644
9.620000000000001,0.003930430739555698
9.63,0.014180082351845376
9.64,-0.0017947068282404442
9.65,0.028802351226745602
9.66,-0.013527839260409999
9.67,0.03601881530472336
9.68,-0.0008031524979894778
9.69,-0.028615495656467184
9.700000000000001,0.0025620945576603953
9.71,-0.013621027013998314
9.72,0.01681287699378276
9.73,-0.013052473691124885
9.74,-0.008923662886099956
9.75,-0.03779080895513092
9.76,-0.009046120833352187
9.77,-0.048477581090879414
9.78,-0.03167805113576762
9.790000000000001,0.01520829835121357
9.8,0.015716008297816445
9.81,0.00850915625902126
9.82,-0.019339517938730733
9.83,-0.0009542222964849043
9.84,-7.204605102490138e-05
9.85,-0.023167289146740235
9.86,0.030067970580632687
9.870000000000001,0.01754725026680034
9.88,-0.00441927910952696
9.89,0.0005377210604832274
9.9,0.004167660354782249
9.91,-0.04083469325573764
9.92,-0.004943543619101634
9.93,-0.013639681008470959
9.94,-0.020032396324657944
9.950000000000001,-0.0056220020611740295
9.96,0.0359537342583589
9.97,0.012816860873020605
9.98,-0.011423576220204441
9.99,0.011451659131775985
10.0,0.02798711216697608
10.01,0.018492677025488787
10.02,0.001192610698961204
10.03,-0.012938732318909178
10.040000000000001,0.013964469443412801
10.05,0.007869710816783195
10.06,0.017903867447353432
10.07,0.012703439020107517
10.08,0.020991057233718798
10.09,-0.010704701361844322
10.1,0.026347884125236278
10.11,0.003951994850705539
10.120000000000001,0.04150522015477342
10.13,-0.013783753713031742
10.14,0.034719278659615646
10.15,0.0039582182141532215
10.16,-0.013028357577781103
10.17,-0.009677714235973132
10.18,-0.006406943767189592
10.19,0.008483321277277363
10.200000000000001,0.010456712063430977
10.21,-0.011473997821647526
10.22,-0.000487089632789653
10.23,0.04284540934085823
10.24,0.03455086552769361
10.25,0.008726475477068753
10.26,0.0007600716056943075
10.27,0.0024006285362546784
10.28,0.012270361416857719
10.290000000000001,-0.02045584938057387
10.3,-0.005147528863158416
10.31,-0.033371679629574914
10.32,0.007984464263490068
10.33,0.012943920569571488
10.34,-0.009663727505628399
10.35,0.03147973697169832
10.36,-0.024515311587928197
10.370000000000001,-0.029287495965187944
10.38,0.004489037977753358
10.39,0.02094196762698511
10.4,0.03367855537271741
10.41,-0.0091776837443833
10.42,0.021573618151662095
10.43,-0.0007701679363440461
10.44,-0.0034525445739308908
10.450000000000001,0.017673200146404326
10.46,0.013046458937283335
10.47,-0.03152784179777836
10.48,0.029530808309853013
10.49,0.02760182837223875
10.5,-0.012511252766430518
10.51,0.007916071907484126
10.52,0.009880604939862106
10.53,0.005213476506642557
10.540000000000001,-0.011006101910310824
10.55,-0.013432466215263632
10.56,-0.0005110802989742712
10.57,0.02345458148384752
10.58,0.010872004168793943
10.59,-0.007412285586140977
10.6,0.01543397524764613
10.61,-0.0569708513984103
10.620000000000001,0.02297531500155095
10.63,-0.034794274601137785
10.64,-0.007248817872933328
10.65,-0.02239339695630639
10.66,-0.025893628596739958
10.67,0.0232165366470773
10.68,-0.009354023144542343
10.69,0.006930078498851059
10.700000000000001,-0.0009384107304599722
10.71,0.009540817374811964
10.72,0.0015364386351126207
10.73,-0.025659843685980326
10.74,0.019925337170936544
10.75,-0.009875130896717021
10.76,-0.03113163722186369
10.77,-0.008562302482864277
10.78,0.030015196534557427
10.790000000000001,0.017004435549847055
10.8,-0.006973041994590951
10.81,-0.006985153406535875
10.82,-0.006432700357976541
10.83,0.041534960324392904
10.84,0.007638709684873393
10.85,0.008600833571386073
10.86,0.02060566969577491
10.870000000000001,0.0047757837834877855
10.88,-0.005180842325395905
10.89,-0.003926996402384352
10.9,-0.0014320246204372752
10.91,-0.0007444441735968928
10.92,0.014552591418318118
10.93,0.0010389182509213321
10.94,0.014652802068497667
10.950000000000001,-0.0016143310883651443
10.96,0.0015727043099542635
10.97,-0.03996401319698229
10.98,0.01832655397793437
10.99,0.006929769992263035
11.0,0.019960202662104395
11.01,-0.0579251071081683
11.02,0.04176749454229647
11.03,-0.0027917921252664556
11.040000000000001,0.022163656763917596
11.05,-0.020798118121841434
11.06,0.01225547851359077
11.07,-0.021068310859298615
11.08,-0.012475378817744784
11.09,0.038280627465662326
11.1,-0.003813647634629713
11.11,0.0043486578366945545
11.120000000000001,0.017401354979487305
11.13,0.009913638117922726
11.14,0.003008378454243967
11.15,0.007299220393739306
11.16,0.04806831204236043
11.17,-0.001152375609761607
11.18,0.004021981258656992
11.19,0.021013088238087174
11.200000000000001,0.022110518970799076
11.21,0.023740606416676125
11.22,0.012774604740003534
11.23,-0.022860097961118743
11.24,0.03266863093370134
11.25,-0.022926907578390776
11.26,0.006052709581180015
11.27,-0.015085516729460883
11.28,-0.0012827666662982744
11.290000000000001,0.006575248466372713
11.3,0.00642714456415422
11.31,0.00843841533480217
11.32,0.032274225626317175
11.33,0.009070686270569648
11.34,-0.004883132470280985
11.35,0.01928174359663529
11.36,0.02378941000478946
11.370000000000001,-0.024552156080924176
11.38,0.01194800161442059
11.39,0.014023455059336123
11.4,-0.0059512698583017035
11.41,0.027514136470994065
11.42,-0.0030011115399434128
11.43,0.0025115292661636993
11.44,-0.0034614362928401094
11.450000000000001,0.0003115811406481996
11.46,-0.021925501552628013
11.47,-0.028801017470278575
11.48,0.03189010144251069
11.49,-0.016939226791880167
11.5,-0.019827846818094817
11.51,-0.04306780210442961
11.52,-0.01277923478946495
11.53,-0.02646179570707873
11.540000000000001,0.032840303360609197
11.55,0.02019634194160823
11.56,-0.013763006751863297
11.57,0.04504871625557367
11.58,0.01963530988557517
11.59,-0.006496627527315077
11.6,-0.04998811415744286
11.61,0.04581885158907069
11.620000000000001,-0.027791449200733915
11.63,-0.03290797480726386
11.64,0.020451408769455504
11.65,0.04879504825348858
11.66,0.027685456494404598
11.67,0.011278182522782215
11.68,0.011895086952630227
11.69,0.01706831129256788
11.700000000000001,0.01517857191038103
11.71,0.0056238285917631055
11.72,0.0020840221891879254
11.73,-0.0012518624500211684
11.74,-0.01507929167150218
11.75,-0.005613501433599738
11.76,-0.03385913618222607
11.77,-0.001966792436226791
11.78,-0.019771822045323705
11.790000000000001,-0.02207178624855526
11.8,0.003597883116933552
11.81,0.02784004581889734
11.82,0.018366332210229784
11.83,-0.031410011984065775
11.84,-0.019792562644759374
11.85,0.018815423844695964
11.86,-0.01964974778751631
11.870000000000001,-0.004492662918339066
11.88,0.011001042060476647
11.89,-0.019366889018870917
11.9,0.002107510199768527
11.91,-0.02668050982303648
11.92,-0.01202735280518825
11.93,0.006395638755224712
11.94,-0.031859874599692514
11.950000000000001,0.008809494828744128
11.96,-0.0003927559103743838
11.97,0.011049799155152553
11.98,0.004478282746779907
11.99,0.02728280866366684
12.0,0.0025044901158770548
12.01,-0.008588110760832029
12.02,0.002445950121097499
12.030000000000001,0.010865960639982556
12.040000000000001,0.00097720146459556
12.05,0.0008118338810090309
12.06,-0.014039833700331041
12.07,-0.013258018296319892
12.08,-0.02805210538237791
12.09,0.034991534916293074
12.1,-0.024877264656312053
12.11,-0.01385810390542454
12.120000000000001,-0.014368145261890182
12.13,0.01789848758740255
12.14,-0.005898993518287468
12.15,0.02495484150008615
12.16,-0.013469812439188865
12.17,0.005579883289259851
12.18,-0.016706941021298116
12.19,0.04290298259849558
12.200000000000001,-0.02375196833841445
12.21,0.006196414245881219
12.22,0.012675537659164038
12.23,0.008275981988749643
12.24,-0.0037057531386209897
12.25,-0.002596413956506276
12.26,0.0008762294769887762
12.27,-0.002940039995903888
12.280000000000001,0.019277582371838044
12.290000000000001,0.04421046006705522
12.3,-0.011149835665626042
12.31,-0.027396059557734682
12.32,-0.0017656409338484324
12.33,0.051594186785606094
12.34,-0.016073491327518827
12.35,0.032782336140125955
12.36,0.03355401631215473
12.370000000000001,-0.011071764804140405
12.38,0.011379661613130568
12.39,0.03256793249141317
12.4,-0.007582554791478454
12.41,-0.004071607174335756
12.42,-0.01163361825181012
12.43,-0.020295134587232443
12.44,-0.012985550875222454
12.450000000000001,-0.02447880530966421
12.46,0.0006816693902589047
12.47,-0.015399464596594959
12.48,0.004675718259906157
12.49,-0.03111791290045838
12.5,0.006617604667435714
12.51,0.016670579254866733
12.52,-0.039874712829190126
12.530000000000001,0.007481131418750064
12.540000000000001,0.024553379870832826
12.55,-0.024192820352880225
12.56,0.03345144775728324
12.57,0.008380380207443567
12.58,-0.014100237095443969
12.59,-0.0011153815338204771
12.6,0.011166538269385259
12.61,0.00152010784682379
12.620000000000001,0.010775119867135124
12.63,-0.018413471843740124
12.64,0.0033872164982153637
12.65,-0.028274289920952204
12.66,-0.0022245212101661446
12.67,-0.018078152812820752
12.68,-0.014710598835646516
12.69,0.024721863520037794
12.700000000000001,0.021826202427400992
12.71,0.012182762433351922
12.72,-0.021846255278544346
12.73,-0.006328168979283986
12.74,0.024261954013906385
12.75,0.002834338286837201
12.76,0.046386590813394996
12.77,0.007866356801376062
12.780000000000001,0.0038409823430221642
12.790000000000001,-0.006182329271090299
12.8,0.0026708181083487546
12.81,-0.003049396715159308
12.82,0.014162173545976823
12.83,0.019134046347855017
12.84,-0.015719789198432543
12.85,-0.026624659059661316
12.86,-0.036724107450799286
12.870000000000001,0.010159826549294424
12.88,-0.022067332112652598
12.89,-0.04305781184843913
12.9,0.007771572101019707
12.91,0.0498599903588503
12.92,-0.00012141822080524729
12.93,0.01676981549882759
12.94,0.0016365871805521033
12.950000000000001,-0.001977793054412159
12.96,0.018381529668979723
12.97,-0.005805490874731332
12.98,0.005347846290300717
12.99,0.006433956132607438
13.0,-0.013361809064345826
13.01,0.019840846999076997
13.02,-0.003499195125726908
13.030000000000001,-0.01511490318183763
13.040000000000001,0.010730196879268544
13.05,-0.017969359628115918
13.06,0.0005636231549348242
13.07,-0.0001823799254813565
13.08,0.02171791132388769
13.09,0.009493964664711505
13.1,-0.0005005391679312645
13.11,0.016355325990839307
13.120000000000001,0.027804150987044522
13.13,0.011156206133602863
13.14,0.00020705240330322284
13.15,-0.026236724640695014
13.16,-0.021302273255324185
13.17,-0.006104494081032523
13.18,-0.012190244037244845
13.19,-0.003739426053885739
13.200000000000001,0.001132998503650018
13.21,0.010593855092729467
13.22,-0.0014099755556977586
13.23,0.009730032881899513
13.24,0.0012894883014714373
13.25,-0.03950933132191273
13.26,-0.018786707871312657
13.27,-0.0028817511094701214
13.280000000000001,-0.024193894851958223
13.290000000000001,0.011998574604691708
13.3,0.030615016651547162
13.31,0.02437523703852701
13.32,-0.0042688574141141866
13.33,0.029814522741400108
13.34,0.00297334914835615
13.35,-0.006741719418132289
13.36,-0.012268053266674028
13.370000000000001,-0.006049393725699871
13.38,-0.007763536366842326
13.39,0.0034083244514131494
13.4,0.0032114796248233946
13.41,6.092040681863028e-05
13.42,0.008738763398603076
13.43,0.023812925499330114
13.44,0.018991082712358415
13.450000000000001,-0.02969795936553607
13.46,-0.051078422694645645
13.47,0.018686398228111727
13.48,-0.027337573965048035
13.49,-0.004495308034657841
13.5,-0.023402260518054645
13.51,-0.03603960874852988
13.52,0.01082925456710548
13.530000000000001,0.01518310320900306
13.540000000000001,-0.011530208011642683
13.55,-0.05182084584006375
13.56,-0.010924888962271334
13.57,0.007836080110774236
13.58,-0.029578231372813193
13.59,0.003667198398199637
13.6,-0.00030619698089519776
13.61,0.011585829994535696
13.620000000000001,0.0023916073707472146
13.63,-0.019461378815215754
13.64,0.023931430035657356
13.65,-0.003170591458218752
13.66,-0.0005460907879239406
13.67,-0.018665359179234266
13.68,-0.008865645021644702
13.69,-0.017696054278395792
13.700000000000001,-0.00345892119636865
13.71,0.0342341696049051
13.72,-0.02743802285660965
13.73,-0.03227122795555729
13.74,0.02942340655181054
13.75,-0.004186473541137336
13.76,-0.013381454771335967
13.77,0.020798093749747018
13.780000000000001,-0.012112310792947943
13.790000000000001,0.03652019427269263
13.8,0.01355851742850456
13.81,-0.009758228161228916
13.82,0.04314616426696184
13.83,-0.012114298458447708
13.84,0.01484190744177314
13.85,0.005985851609685416
13.86,0.026034825789500737
13.870000000000001,0.031230223936031636
13.88,0.0006400829827803201
13.89,-0.015068357405487691
13.9,0.009199442860189873
13.91,-0.013554307393662448
13.92,0.040267744951884815
13.93,0.0027307066229803243
13.94,-0.007306431024942847
13.950000000000001,0.0036936061185717673
13.96,-0.02694252578934555
13.97,-0.019432280768989372
13.98,0.024008278160087937
13.99,-0.013137885578252236
14.0,-0.020938219652486392
14.01,0.010733055051675305
14.02,0.023714083094367153
14.030000000000001,0.014379066214386624
14.040000000000001,0.019920953717180126
14.05,-0.01513590177034648
14.06,-0.028436213333814787
14.07,0.030026673040111584
14.08,-0.0064535967758607045
14.09,-0.005016660328138382
14.1,0.026563882837924664
14.11,0.011124600188938022
14.120000000000001,0.009117755442538662
14.13,0.04330004689891024
14.14,-0.012870364606731896
14.15,0.018556802562478464
14.16,0.0011402624987785041
14.17,0.005371845578085383
14.18,0.030569368529054636
14.19,0.010156715126580557
14.200000000000001,0.010765921581765137
14.21,0.021450146746953225
14.22,-0.007299054590115519
14.23,-0.016784193346052637
14.24,-0.020896183879707587
14.25,-0.03932713178682107
14.26,0.04112414259949157
14.27,-0.022064167313762102
14.280000000000001,-0.004425072471057178
14.290000000000001,-0.005536265997133186
14.3,0.006148133956814465
14.31,0.016314744251405864
14.32,0.01720946976780256
14.33,-0.01166154877078315
14.34,-0.0033424342751444047
14.35,0.005651599010338258
14.36,-0.004973822523110009
14.370000000000001,0.03214691152094968
14.38,0.009819499033303966
14.39,0.014697555721524615
14.4,0.01325762537386606
14.41,0.023469477150214052
14.42,0.003620431174571642
14.43,-0.02593663895862928
14.44,0.007993759035530828
14.450000000000001,-0.01302713787536805
14.46,-0.010572333634535884
14.47,0.011727280375552025
14.48,0.024765661429113957
14.49,0.0004254315351537415
14.5,0.0061766602524032195
14.51,0.03404429889312031
14.52,0.004815063590178687
14.530000000000001,0.05203366228400715
14.540000000000001,0.011310192913022233
14.55,-0.03521525518273275
14.56,0.015066832422466656
14.57,0.007623167698024114
14.58,0.025795055082016176
14.59,0.013463627025753275
14.6,-0.0027691196793283804
14.61,-0.02448596472544709
14.620000000000001,-0.004180465145387019
14.63,-0.017010409083859118
14.64,-0.011610468995774044
14.65,0.011771568088726259
14.66,0.03339809008733597
14.67,0.007893430596761373
14.68,-0.02391766124040791
14.69,0.008892053364692733
14.700000000000001,0.0239326297331972
14.71,-0.012195658086109094
14.72,-0.0026803433331853183
14.73,0.00029376389485157093
14.74,-0.015697966261382472
14.75,0.012965608677134316
14.76,-0.0024189629719035878
14.77,0.008390648878387608
14.780000000000001,-0.01774984355579984
14.790000000000001,-0.008749166006230843
14.8,0.014447627156788094
14.81,-0.007456663041607281
14.82,0.034539277024891644
14.83,-0.00799272371207293
14.84,0.0044936945152524955
14.85,0.018651816637672323
14.86,-0.02836731465845428
14.870000000000001,-0.03521617623941325
14.88,-0.030513126291203632
14.89,0.025251682068737978
14.9,-0.011037162917658445
14.91,0.05116398571355177
14.92,-0.01128495197296475
14.93,0.0036910260641201367
14.94,0.030842199051533358
14.950000000000001,0.04012185776335482
14.96,0.04123007153289691
14.97,0.024167324612028453
14.98,0.020481250516391575
14.99,0.011850538984182772
15.0,0.015567221523488715
15.01,-0.011023714326417796
15.02,-0.0163639776682963
15.030000000000001,-6.748914807216308e-05
15.040000000000001,-0.0034036924503545994
15.05,-0.009064560986404386
15.06,0.013927748949272631
15.07,0.0191061041715458
15.08,0.0017681377259698477
15.09,0.029550601621235507
15.1,-0.022833782282542413
15.11,-0.003873189185469201
15.120000000000001,-0.014336446411933415
15.13,-0.03733073234134095
15.14,-0.0016536137167361127
15.15,-0.0024349501675501326
15.16,0.03026899486495587
15.17,0.01261623369120656
15.18,-0.02048373648647529
15.19,0.03708185132679043
15.200000000000001,0.024420673910611604
15.21,0.01164195406947479
15.22,-0.004529681976896195
15.23,-0.01918878473437114
15.24,-0.007444135521324555
15.25,0.021774972394178315
15.26,0.03769172611878491
15.27,0.030864870565534667
15.280000000000001,-0.009776988435636395
15.290000000000001,-0.022392348665692903
15.3,0.002817724938309672
15.31,-0.035368787311173135
15.32,0.006463354283777866
15.33,-0.0029520517258927654
15.34,-0.009320730037285833
15.35,-0.03189406134525846
15.36,0.010272002131470245
15.370000000000001,-0.010654016793163816
15.38,-0.023398336714132825
15.39,-0.057445244265561496
15.4,-0.0005502981009426476
15.41,0.03544503193346357
15.42,0.03322518429102473
15.43,-0.00914192513165944
15.44,-0.012044241207170922
15.450000000000001,0.009375485121563885
15.46,-0.01996770878370368
15.47,0.006035837996450242
15.48,0.015321605567753522
15.49,0.024538664477744686
15.5,-0.0020030815295416808
15.51,-0.004073475003483078
15.52,-0.017559651735076096
15.530000000000001,-0.01653760708074317
15.540000000000001,-0.004529577837977572
15.55,0.007347310136375477
15.56,0.018271692524715874
15.57,-0.016063579013557018
15.58,0.029853771379239325
15.59,-0.005422472020803452
15.6,-0.0004273458869217488
15.610000000000001,-0.014944233582910423
15.620000000000001,-0.048484805205413706
15.63,0.017680907927265233
15.64,0.01473687794189203
15.65,-0.005626551142321763
15.66,0.0013398143445391007
15.67,0.010318784354122826
15.68,-0.03125091713769083
15.69,-0.010581053546886661
15.700000000000001,0.015885293592475
15.71,-0.02508578846334729
15.72,0.005871158643369537
15.73,-0.027131636092431882
15.74,0.00932859964870603
15.75,-0.0007128296459148719
15.76,-0.032302636318076075
15.77,0.02329478708917686
15.780000000000001,-0.014691831535928212
15.790000000000001,-0.016205048740255495
15.8,0.004011383944650345
15.81,0.02297274698860517
15.82,-0.020316436379537686
15.83,0.0012335969969890874
15.84,0.008576330006640527
15.85,0.013862112145291372
15.860000000000001,0.003528831105572431
15.870000000000001,-0.007340556781639073
15.88,-0.01655180441294756
15.89,0.0017228776609537959
15.9,-0.021442780239686356
15.91,-0.05842700966986688
15.92,0.008731196083178124
15.93,0.018078696821748185
15.94,-0.04725864871081297
15.950000000000001,-0.020194614094175427
15.96,0.012383085220126822
15.97,0.04114990939425639
15.98,0.0004158741535301262
15.99,-0.014560058824561156
16.0,-0.0036579288220756965
16.01,0.027497528382984384
16.02,-0.012919283582470428
16.03,-0.015983840132985195
16.04,-0.009654870443621164
16.05,-0.019066572165155147
16.06,0.002453406319914631
16.07,0.032493569169409556
16.080000000000002,0.006461585462338568
16.09,-0.005047070042508122
16.1,-0.005836225378293601
16.11,-0.0312638161739162
16.12,0.017662195542959783
16.13,-0.0015567439402397662
16.14,-0.003609598271796561
16.15,0.06386215135691285
16.16,0.005975058167329052
16.17,-0.015035821001888664
16.18,-0.00852715192409614
16.19,0.02296891418394953
16.2,0.0022654082107694375
16.21,-0.028765559566333466
16.22,0.018384578691517665
16.23,-0.013362881710766555
16.240000000000002,0.03746595552436397
16.25,0.021600961314305774
16.26,-0.008946437913162474
16.27,0.02562032723471456
16.28,0.0013571102105601224
16.29,0.017055473502456207
16.3,0.00969465634590108
16.31,-0.016927133099806115
16.32,-0.01287099664633811
16.330000000000002,0.02059921635163413
16.34,-0.006695506642120125
16.35,-0.008072969264829453
16.36,-0.019102451586976786
16.37,0.008471981311879291
16.38,0.041250498384872776
16.39,-0.02135065828507578
16.4,0.0004843891334646453
16.41,0.02824441110831788
16.42,-0.001592827824905191
16.43,0.00904743592500361
16.44,-0.02124787056292884
16.45,0.008566141944161554
16.46,-0.003742885300082564
16.47,0.019714599913605503
16.48,0.023747721031303105
16.490000000000002,0.0517912728403802
16.5,0.011592663464279278
16.51,0.00651592633165094
16.52,0.0038876860315541807
16.53,-0.007063325856206454
16.54,0.0067696768692409905
16.55,-0.005908028202773563
16.56,0.0033692195253991726
16.57,0.026351950712165947
16.580000000000002,-0.020130851305586207
16.59,0.022797571222587392
16.6,0.02634230134680366
16.61,-0.0023613705398153433
16.62,-0.04243709798016579
16.63,-0.012156439741882663
16.64,0.025939890931228053
16.65,-0.00045736124597189014
16.66,-0.019986044645892577
16.67,-0.010095498424558822
16.68,0.016812400530096475
16.69,0.010934671364032896
16.7,-0.004778641983388681
16.71,-0.00733648823628865
16.72,-0.007835162980871438
16.73,-0.018448203689965147
16.740000000000002,0.03230751378939364
16.75,-0.006446409384222088
16.76,0.02434317041651455
16.77,0.030426321038453552
16.78,0.01996621796296364
16.79,-0.008632406254356621
16.8,0.008074601806736451
16.81,-0.0004839121278141463
16.82,-0.01807403721459847
16.830000000000002,0.0064871856344360735
16.84,-0.023580795823192117
16.85,0.02375358776923513
16.86,-0.009292345945964082
16.87,0.0040231931174604905
16.88,0.005665757430926475
16.89,-0.005178099474077987
16.9,0.011733876029508983
16.91,-0.00949807313244707
16.92,0.017425945949148234
16.93,-0.026919593604931687
16.94,0.002527591590931457
16.95,0.038778579981168855
16.96,-0.0200066264921084
16.97,-0.013554899410493999
16.98,0.010278156993181273
16.990000000000002,0.0035916356387948735
17.0,0.00701260198547404
17.01,0.00978374260295607
17.02,0.012694429371238143
17.03,0.022193996839127154
17.04,0.008196373138572887
17.05,-0.0048251530923682645
17.06,0.013451474024057159
17.07,0.037997638697906795
17.080000000000002,-0.002652674927649037
17.09,-0.019490586093410443
17.1,0.022141613385741794
17.11,-0.0024076232790696725
17.12,-0.04345339092027847
17.13,0.016948433543010635
17.14,-0.010706563719076296
17.150000000000002,-0.0018106656460810994
17.16,0.006639606611382365
17.17,0.003809993595583361
17.18,0.014189036342782783
17.19,-0.008709727411394913
17.2,0.010262115963523569
17.21,-0.005190933551676467
17.22,0.0147762096177519
17.23,0.012307349680262872
17.240000000000002,-0.018708774040890143
17.25,0.02171964232350238
17.26,-0.010719268902279262
17.27,0.016161155965624566
17.28,0.007345746268028444
17.29,0.03676367353590405
17.3,-0.004469319647435475
17.31,-0.006986335922362413
17.32,-0.000388392117753146
17.330000000000002,-0.006063595656684032
17.34,0.015998838038842448
17.35,-0.03232621216873034
17.36,-0.02107364838292569
17.37,-0.0213560584315825
17.38,0.01900615183947285
17.39,0.03421226745163982
17.400000000000002,-0.002088984370748146
17.41,-0.0033764344637989543
17.42,0.001401043262264861
17.43,0.023237566052165017
17.44,-0.018547062683810296
17.45,0.004767379654696864
17.46,0.019503952595649732
17.47,0.010021883398798021
17.48,0.0037916323319759616
17.490000000000002,0.020020921851343895
17.5,-0.0540646458599837
17.51,0.013557506390619183
17.52,-0.013081513662547468
17.53,-0.036612657937128146
17.54,0.010224051990500584
17.55,0.027473170903260104
17.56,-0.0027489702925529054
17.57,0.01905749094405969
17.580000000000002,0.0322455651597738
17.59,0.026298289071681826
17.6,0.03279929058742872
17.61,0.014842549821438688
17.62,0.0015086727780326825
17.63,-0.03203931623794256
17.64,-0.004921249762598177
17.650000000000002,-0.016864931906323058
17.66,0.04341885434995704
17.67,-0.003517716248645984
17.68,0.002464096135690447
17.69,0.01102970752081007
17.7,0.0008720489274497789
17.71,0.033901020808615755
17.72,-0.012452987234688363
17.73,0.003892149104745518
17.740000000000002,-0.014849411713960314
17.75,-0.02640045022441348
17.76,-0.012235381818105084
17.77,-0.0007407359409676281
17.78,-0.0085860444903446
17.79,-0.013848419597476532
17.8,-0.028126349273436102
17.81,-0.0016621114525733301
17.82,-0.03009440748061949
17.830000000000002,0.015201119273792595
17.84,0.0016487950586905982
17.85,-0.02915102998929809
17.86,-0.006184181540996757
17.87,-0.015043128111811162
17.88,0.0063834902083841
17.89,0.026809008920463374
17.900000000000002,-0.03750344939291442
17.91,0.0023005215829488062
17.92,-0.003202655911332354
17.93,0.013426801529009758
17.94,0.004263932564754219
17.95,-0.015039386634775956
17.96,-0.006381078713331945
17.97,-0.015920517136069373
17.98,0.02152014277197237
17.990000000000002,0.0004262329734392388
18.0,0.038023813715060535
18.01,-0.0012132162762920364
18.02,-0.014168135338208885
18.03,-0.03027428785225618
18.04,-0.03606279352511855
18.05,-0.03168271886010945
18.06,0.005342533020230011
18.07,0.010174500464599013
18.080000000000002,-0.031623814040642344
18.09,0.017900766281522634
18.1,-0.009661221033668474
18.11,0.0029358602397112975
18.12,0.03224441256510879
18.13,0.017936786317310938
18.14,-0.005370612958116354
18.150000000000002,-0.017823844508305462
18.16,-0.04303630802658582
18.17,-0.014383066384848127
18.18,-0.004222604776553619
18.19,-0.019743590543023416
18.2,-0.0026251393418458354
18.21,0.0015370376591756182
18.22,-0.004497119636161322
18.23,-0.01300005161646895
18.240000000000002,0.003373093439334793
18.25,0.008838812991388416
18.26,-0.021807981548856693
18.27,0.028218647594925626
18.28,-0.001971762645685014
18.29,0.0003769924588971697
18.3,0.014164288465131354
18.31,0.004664322625270241
18.32,0.019062732678265106
18.330000000000002,0.0057424833040366835
18.34,-0.012248747492808562
18.35,0.007230070504122225
18.36,-0.02287452414641305
18.37,0.002171194115530647
18.38,-0.0006645998128890351
18.39,-0.004162337145450617
18.400000000000002,-0.002570750228778441
18.41,-0.03763698090995261
18.42,-0.010974498154819063
18.43,0.0018568980228224577
18.44,0.003197127839948168
18.45,-0.020553502818519007
18.46,0.025314156817294167
18.47,-0.017323496964289864
18.48,0.019389144010534886
18.490000000000002,0.008543887237433843
18.5,-0.012924546196875919
18.51,0.03550621785219038
18.52,-0.023872736635129465
18.53,0.018383083472200166
18.54,0.020011646360859697
18.55,-0.013412404181532769
18.56,0.0278493060012867
18.57,-0.005000930291978931
18.580000000000002,0.005773872585597262
18.59,0.005206436775424534
18.6,-0.00268617482941084
18.61,0.016216165463195757
18.62,0.015869774411044372
18.63,-0.0349706394647635
18.64,0.026086804857563158
18.650000000000002,-0.033249839760713384
18.66,0.02065092408683325
18.67,0.022534102736551768
18.68,-0.021819328604303863
18.69,-0.008216285759091599
18.7,-0.02211409336971862
18.71,-0.004298420605774613
18.72,-0.006160685683714733
18.73,0.015593210645386888
18.740000000000002,0.026206174922392255
18.75,0.02791367621579921
18.76,-0.011243360531565957
18.77,-0.0041844374748904725
18.78,-0.03366876384441892
18.79,-0.016117401329923696
18.8,0.019297032661949227
18.81,0.03231165647096471
18.82,-0.024686977437598366
18.830000000000002,-0.011849285183057813
18.84,-0.0005281151391784686
18.85,0.0056032231763922065
18.86,-0.016192070398432852
18.87,0.008481220889281863
18.88,-0.009476786941418257
18.89,-0.00028904541756551687
18.900000000000002,0.010925684960074056
18.91,0.00012844539621881897
18.92,-0.008727717810531312
18.93,-0.0021921960785165565
18.94,-0.0017672591841066474
18.95,-0.007400220597642496
18.96,-0.0051759212533419915
18.97,0.03197294341009439
18.98,0.011218388958824828
18.990000000000002,-0.005909606360583153
19.0,0.013939088090214765
19.01,-0.006676389795120148
19.02,0.023462492751732875
19.03,0.007392843843961928
19.04,-0.0021460428800845295
19.05,0.0089543385162056
19.06,-0.03141752304136994
19.07,-0.02253534937819606
19.080000000000002,-0.023878500127981064
19.09,0.002858861895274179
19.1,0.03465029998970188
19.11,0.04462600292385269
19.12,0.012761022028815185
19.13,0.01001688949888918
19.14,-0.03602115468305474
19.150000000000002,-0.010853475994680397
19.16,-0.01575567503816474
19.17,-0.012416951965022285
19.18,-0.0033628763716957557
19.19,-0.009441811553942511
19.2,-0.03958599620751572
19.21,0.014958205122350712
19.22,-0.021454860514796097
19.23,0.004784937282223024
19.240000000000002,0.041481653394999506
19.25,-0.018387691831728437
19.26,-0.05060575045492657
19.27,-0.0057200844376021865
19.28,0.022019192699971452
19.29,0.03916694908441191
19.3,-0.02459099188904831
19.31,0.009933984464730462
19.32,-0.009306209135601038
19.330000000000002,-0.0021189670860826864
19.34,0.05288686694034073
19.35,-0.03005940656790304
19.36,0.005074793229891494
19.37,0.009353863435308689
19.38,0.021715726498786968
19.39,0.0019596630694179327
19.400000000000002,0.00616101079008207
19.41,-0.0078329713484358
19.42,0.005382538824902169
19.43,-0.006863845509948187
19.44,0.01243143779712104
19.45,-0.007392206720872658
19.46,0.00754200787804375
19.47,-0.0005852562736995467
19.48,0.022521005015443383
19.490000000000002,-0.0010278744717697051
19.5,-0.035460649364137606
19.51,0.02523843001427985
19.52,-0.01811464601725236
19.53,-0.013075326772976379
19.54,-0.011913225880869825
19.55,0.027488761863416363
19.56,-0.042713484279573895
19.57,0.06275497067319989
19.580000000000002,0.021121136181321054
19.59,0.00446477828258321
19.6,-0.001097880012325712
19.61,0.005711081497153154
19.62,0.010422448567586782
19.63,0.012904311719001155
19.64,0.011112089320068984
19.650000000000002,0.0017916136251049906
19.66,-0.003946768406146508
19.67,-0.00302546567307022
19.68,-0.003898165607053607
19.69,0.022675401937341307
19.7,0.01187113444561725
19.71,-0.05880777269328559
19.72,0.013118015530595231
19.73,0.003894723894375509
19.740000000000002,-0.0003741751289179364
19.75,-0.007770369061777705
19.76,0.02248225439972028
19.77,0.018950529242457166
19.78,-0.015457553356472172
19.79,0.008141045742490713
19.8,-0.01943313469082571
19.81,-0.0275923632957786
19.82,-0.012534344491799293
19.830000000000002,0.017247869447655186
19.84,0.019062500907521745
19.85,0.01026170840194587
19.86,0.014501915736959952
19.87,0.010323565742299177
19.88,-0.012829631904459037
19.89,0.008638450893478821
19.900000000000002,0.016008190504553654
19.91,0.015085826596271494
19.92,0.023778267429492867
19.93,0.014166076944021284
19.94,0.007028964150831666
19.95,0.021403004766328556
19.96,-0.0005304251849811936
19.97,-0.01763749302455435
19.98,-0.0032613392788752704
19.990000000000002,-0.014898052896128975
20.0,-0.013503565499487623
